farmID,annualMY,herdSize,annualMYFPCM,AAFC,CI,culling,avLactOnLeaving,costAAFC,costCI,costCull,totalCost,totalLifeDays,FPcorrfactor,milkLifeDays,OEEEffic,lifetimeYieldL_Day,productiveLifetimeYieldl_day,Cull_L1,Cull_L2,Cull_L3,Cull_L4,Cull_L5,Cull_L6,Cull_L6over,CH4MJ_dlife,propCH4Milk,propCH4ForLactatingPeriods,eCO2 T/year GWP100,eCO2 kg/kg FPCM,kgeCO2_GWP100AssocHeifer,kgeCO2_GWP100AssocMaint,kgeCO2_GWP100AssocMilk,kgeCO2_GWP100AssocPreg+Dry,CH4_kgFPCM,CH4ForHeifer,CH4Maint,CH4Milk,CH4Preg+Dry,eCO2_100_Heifer,eCO2_100Maint,eCO2_100Milk,eCO2_100Preg,eCO2_100Total,eCO2*HeiferRearing,eCO2*Maint,eCO2*Milk,eCO2*PregDry,eCO2*Total,BFAnnualAvg,milkProteinAnnualAvg
56532401,12182.2,366.67,11807.9,733.81,397.58,27.74,2.77,0.12,0.39,0.2,0.7,1802.78,0.97,922.16,0.51,18.87,36.89,0.21,0.25,0.28,0.36,0.22,0.67,0.67,27.12,0.6,0.82,4.401,0.618,0.088,0.136,0.378,0.016,1.376,3.853,5.979,16.58,0.709,0.088,0.136,0.378,0.016,0.618,0.302,0.469,1.301,0.056,2.128,3.801,3.212
56532406,11801.96,48.5,11286.31,730.54,416,12.33,2.86,0,0.9,-0.92,-0.02,1845.16,0.96,940.33,0.51,18.63,36.55,0.06,0.21,0,0.29,0.29,0,0,27.13,0.6,0.82,4.396,0.618,0.086,0.135,0.378,0.019,1.374,3.76,5.946,16.604,0.82,0.086,0.135,0.378,0.019,0.618,0.294,0.466,1.3,0.064,2.124,3.642,3.296
11653,10408.98,284.5,11585.06,751.45,367.38,20.36,3.56,0.49,0.09,-0.41,0.17,2035.08,1.11,1092.42,0.54,22,40.98,0.1,0.08,0.22,0.22,0.33,0.17,0.29,27.26,0.6,0.83,4.429,0.613,0.078,0.14,0.373,0.022,1.365,3.458,6.219,16.599,0.987,0.078,0.14,0.373,0.022,0.613,0.268,0.481,1.284,0.076,2.109,4.885,3.35
12591,12578.97,137.75,13368.31,727.56,372.73,30.86,3.02,-0.02,0.17,0.43,0.58,1841.65,1.06,982.04,0.53,23.11,43.33,0.16,0.33,0.39,0.24,0.31,0.4,0.29,29.32,0.62,0.84,4.772,0.6,0.077,0.128,0.378,0.018,1.336,3.742,6.239,18.481,0.861,0.077,0.128,0.378,0.018,0.6,0.264,0.439,1.302,0.061,2.065,4.436,3.412
97678905,12990.16,751.2,12710.3,733.53,387.96,28.79,2.89,0.3,0.49,0.27,1.05,1847.87,0.98,953.13,0.52,20.1,38.96,0.14,0.27,0.26,0.4,0.53,0.54,0.57,28.15,0.62,0.83,4.568,0.608,0.081,0.131,0.379,0.017,1.354,3.758,6.054,17.548,0.786,0.081,0.131,0.379,0.017,0.608,0.279,0.45,1.305,0.058,2.093,3.834,3.278
97468901,5866.62,69.5,5823.92,847.04,388.78,29.23,3.88,0.76,0.81,0.66,2.23,2340.71,0.99,1290.58,0.55,9.86,17.89,0.3,0.13,0,0.18,0.4,0.29,0.46,18.45,0.43,0.76,2.99,0.823,0.145,0.274,0.362,0.043,1.832,3.244,6.149,8.101,0.953,0.145,0.274,0.362,0.043,0.823,0.498,0.944,1.244,0.146,2.832,4.004,3.193
27209,10907.75,396.92,10996.65,746.98,365.02,48.34,2.79,0.59,0,1.96,2.55,1747.7,1.01,846.33,0.48,17.07,35.24,0.32,0.28,0.36,0.6,0.58,0.5,1,24.71,0.57,0.8,4.002,0.647,0.105,0.149,0.373,0.02,1.44,4.025,5.691,14.233,0.763,0.105,0.149,0.373,0.02,0.647,0.362,0.512,1.282,0.069,2.225,4.021,3.364
98882601,7408.34,56.25,7922.67,862.2,388.93,10.4,4,0.58,0.44,-1.66,-0.64,2378.21,1.07,1288.34,0.54,15.78,29.14,0.14,0,0,0,0.5,1,0,22.64,0.53,0.8,3.675,0.681,0.097,0.184,0.365,0.035,1.516,3.224,6.118,12.134,1.165,0.097,0.184,0.365,0.035,0.681,0.334,0.633,1.256,0.121,2.344,4.405,3.547
109123302,10610.95,375,11079.67,746.59,387.24,41.11,3.26,0.55,-0.27,1.31,1.59,1966.53,1.04,1023.39,0.52,20.52,39.42,0.19,0.23,0.36,0.46,0.64,0.96,0.25,27.17,0.6,0.82,4.407,0.614,0.081,0.137,0.374,0.023,1.366,3.571,6.045,16.539,1.014,0.081,0.137,0.374,0.023,0.614,0.277,0.47,1.285,0.079,2.111,4.221,3.512
11797,10308.86,307,11467.72,750,388.25,34.55,3.22,0.42,0.5,0.82,1.74,1981.02,1.11,1046.4,0.53,21.95,41.55,0.13,0.26,0.32,0.37,0.39,1,0.4,27.3,0.6,0.83,4.43,0.614,0.08,0.138,0.375,0.022,1.367,3.552,6.134,16.643,0.967,0.08,0.138,0.375,0.022,0.614,0.275,0.475,1.288,0.075,2.113,4.862,3.379
26170,10103.72,31.75,10458.36,692.93,371.24,29.41,3.5,-0.09,0.14,0.36,0.41,1974.72,1.04,1109.7,0.56,20.87,37.13,0.08,0.67,0.22,0,0.4,0.29,1,27.63,0.6,0.84,4.492,0.61,0.075,0.142,0.372,0.021,1.357,3.395,6.453,16.839,0.939,0.075,0.142,0.372,0.021,0.61,0.258,0.49,1.278,0.071,2.097,4.27,3.318
11111,11666.33,206.2,12135.6,752.3,380.55,28.32,2.85,0.38,0.36,0.26,1,1822.55,1.04,906.47,0.5,20.29,40.79,0.27,0.2,0.29,0.26,0.44,0.4,#N/A,27.03,0.6,0.82,4.383,0.615,0.088,0.133,0.376,0.018,1.368,3.872,5.845,16.527,0.789,0.088,0.133,0.376,0.018,0.615,0.303,0.457,1.293,0.062,2.115,4.203,3.49
109811701,7175.04,86.91,7378.09,759.92,450.42,39.92,3.42,0.1,2.17,1.57,3.83,2038.61,1.03,1086.47,0.53,15.53,29.15,0.46,0.19,0.33,0.29,0.4,0.67,0.5,22.99,0.54,0.8,3.727,0.675,0.102,0.177,0.367,0.028,1.502,3.483,6.029,12.512,0.967,0.102,0.177,0.367,0.028,0.675,0.352,0.609,1.264,0.098,2.322,4.111,3.482
11026,10648,264.75,10772.68,779.8,386.4,28.14,4.1,0.85,0.52,0.26,1.63,2333.17,1.01,1325.23,0.57,20.05,35.3,0.02,0.13,0.24,0.35,0.25,0.37,0.4,27.41,0.6,0.84,4.458,0.616,0.069,0.146,0.374,0.027,1.37,3.081,6.498,16.653,1.181,0.069,0.146,0.374,0.027,0.616,0.238,0.502,1.286,0.091,2.117,4.123,3.25
30001,8476.82,443.33,8488.2,705.99,381.89,26.33,4.34,-0.73,0.51,0.14,-0.08,2297.31,1,1317.82,0.57,15.95,27.81,0.07,0.19,0.18,0.29,0.3,0.35,0.32,24.02,0.54,0.81,3.895,0.669,0.082,0.181,0.368,0.037,1.489,2.957,6.509,13.217,1.335,0.082,0.181,0.368,0.037,0.669,0.283,0.624,1.267,0.128,2.302,4.103,3.148
12309,9848.77,426.09,9705.21,868.08,417.78,44.39,2.45,5.68,1.46,1.65,8.79,1853.89,0.99,836.08,0.45,14.95,33.14,0.27,0.42,0.38,0.54,0.48,0.67,#N/A,22.84,0.55,0.78,3.693,0.666,0.122,0.153,0.373,0.018,1.482,4.17,5.25,12.806,0.615,0.122,0.153,0.373,0.018,0.666,0.418,0.527,1.285,0.062,2.291,3.904,3.256
10659,12279.84,197.78,12160.24,753.69,375.04,38.27,3.29,0.36,0.21,0.92,1.5,1966.97,0.99,1027.42,0.52,21.38,40.94,0.21,0.23,0.41,0.34,0.51,0.46,0.46,28.92,0.62,0.83,4.698,0.595,0.074,0.125,0.376,0.02,1.325,3.585,6.098,18.263,0.978,0.074,0.125,0.376,0.02,0.595,0.254,0.432,1.293,0.069,2.048,3.782,3.511
10009,9371.45,237.88,12309.38,747.5,387.75,27.12,3.35,0.35,0.46,0.2,1.01,2015.3,1.31,1101.55,0.55,28.18,51.55,0.16,0.18,0.31,0.25,0.21,0.45,0.29,28.74,0.62,0.84,4.675,0.596,0.072,0.131,0.374,0.018,1.327,3.477,6.337,18.033,0.892,0.072,0.131,0.374,0.018,0.596,0.248,0.452,1.287,0.064,2.051,6.211,3.837
11196,11040.57,293.83,10635.14,758.31,453.53,39.72,3.5,0.31,2.26,1.05,3.62,2111.39,0.96,1124.62,0.53,20.44,38.37,0.2,0.23,0.36,0.31,0.45,0.51,0,28.67,0.62,0.84,4.652,0.6,0.07,0.129,0.379,0.022,1.335,3.355,6.153,18.092,1.067,0.07,0.129,0.379,0.022,0.6,0.242,0.443,1.302,0.077,2.064,3.682,3.322
23229,10702.67,150.11,10889,704.07,387.16,28.38,3.5,-0.19,0.54,0.27,0.62,1990.95,1.02,1082.93,0.54,20.49,37.67,0.14,0.14,0.27,0.37,0.2,0.57,#N/A,27.68,0.61,0.83,4.494,0.61,0.075,0.139,0.374,0.023,1.359,3.404,6.295,16.942,1.043,0.075,0.139,0.374,0.023,0.61,0.258,0.478,1.285,0.079,2.1,4.056,3.429
15920,9837.33,176.17,10436.5,778.5,405.15,18.44,3.89,0.45,0.87,-0.6,0.72,2280.13,1.06,1251.25,0.55,20.02,36.48,0.21,0.12,0.11,0.16,0.18,0.29,0.33,26.5,0.59,0.83,4.301,0.624,0.074,0.148,0.374,0.027,1.388,3.156,6.304,15.896,1.146,0.074,0.148,0.374,0.027,0.624,0.256,0.51,1.287,0.093,2.145,4.551,3.207
47008601,11197.78,172.33,11605.59,799.49,389.9,19,4.29,0.62,0.57,-0.45,0.74,2423.36,1.04,1404.66,0.58,23.45,40.46,0,0.09,0.2,0.33,0.3,0.45,0.4,29.8,0.63,0.86,4.855,0.587,0.059,0.131,0.375,0.022,1.306,3.007,6.637,19.057,1.1,0.059,0.131,0.375,0.022,0.587,0.204,0.45,1.291,0.075,2.019,4.183,3.472
28295501,7480.57,460.67,7518.56,793.15,439.13,29.3,3.42,2.33,1.68,0.46,4.48,2073.71,1.01,1057.73,0.51,14.27,27.98,0.19,0.22,0.17,0.21,0.22,0.18,0.26,22.15,0.52,0.78,3.583,0.69,0.11,0.181,0.367,0.033,1.536,3.523,5.803,11.778,1.051,0.11,0.181,0.367,0.033,0.69,0.378,0.622,1.262,0.113,2.375,3.859,3.581
28246901,9085.32,153.33,9319.52,967.84,411.34,32,3.54,2.46,1.19,0.7,4.35,2359.44,1.03,1212.89,0.51,15.21,29.59,0.13,0.13,0.4,0.36,0.4,0.67,1,22.54,0.54,0.8,3.663,0.676,0.105,0.175,0.371,0.024,1.504,3.497,5.848,12.386,0.81,0.105,0.175,0.371,0.024,0.676,0.361,0.603,1.278,0.084,2.325,4.211,3.292
27335306,11526.05,224.38,11447.77,837.31,397.18,21.69,4,0.95,0.76,-0.25,1.45,2322.06,0.99,1223.06,0.53,20.88,39.64,0.1,0.05,0.17,0.29,0.34,0.33,0.26,28.49,0.62,0.83,4.627,0.602,0.068,0.129,0.377,0.028,1.34,3.239,6.097,17.833,1.318,0.068,0.129,0.377,0.028,0.602,0.236,0.443,1.297,0.096,2.072,4.026,3.165
18980901,11507.46,138.08,12258.35,735.66,377.3,40.1,3.83,0.04,0.26,1.2,1.5,2167.41,1.07,1216.94,0.56,23.3,41.5,0.15,0.17,0.29,0.6,0.58,0.44,0.91,29.27,0.63,0.85,4.76,0.595,0.065,0.132,0.376,0.022,1.325,3.203,6.503,18.5,1.067,0.065,0.132,0.376,0.022,0.595,0.224,0.455,1.295,0.075,2.048,4.516,3.317
54642201,9320.41,211,9029.97,853.74,433.7,35.98,4.21,2.48,1.34,0.97,4.79,2481.06,0.97,1348.26,0.54,17.15,31.55,0.17,0.21,0.21,0.34,0.53,0.49,0.71,25.37,0.58,0.82,4.118,0.637,0.077,0.155,0.373,0.032,1.417,3.071,6.179,14.859,1.259,0.077,0.155,0.373,0.032,0.637,0.265,0.533,1.283,0.109,2.19,3.805,3.2
25510901,11082.34,131.17,11824.13,834.6,398.88,40.25,2.75,1.34,1,1.22,3.56,1891.62,1.07,895.73,0.47,19.55,41.28,0.19,0.32,0.36,0.8,0.46,0.67,0,25.82,0.6,0.81,4.184,0.625,0.096,0.134,0.377,0.017,1.391,3.977,5.554,15.572,0.715,0.096,0.134,0.377,0.017,0.625,0.331,0.462,1.297,0.06,2.15,4.528,3.321
12261,8319.93,227.67,9162.47,930.12,379.33,35.16,3.21,3.51,0.38,1.16,5.05,2127.59,1.1,985.03,0.46,14.77,31.9,0.21,0.36,0.26,0.43,0.32,0.15,0.22,21.32,0.52,0.76,3.446,0.703,0.125,0.177,0.368,0.033,1.564,3.799,5.357,11.175,0.987,0.125,0.177,0.368,0.033,0.703,0.431,0.608,1.268,0.112,2.418,4.843,3.265
78488301,11323.06,473.58,11898.53,782.06,365.39,35.88,2.87,1.79,0.01,0.93,2.73,1817.01,1.05,896.75,0.49,18.16,36.8,0.22,0.38,0.33,0.34,0.39,0.34,0.43,25.01,0.58,0.8,4.06,0.643,0.102,0.149,0.374,0.018,1.43,3.972,5.781,14.556,0.706,0.102,0.149,0.374,0.018,0.643,0.351,0.511,1.286,0.062,2.211,4.288,3.492
77426001,9810.57,249.17,10712.12,787.15,367.33,73.93,2.08,1.85,0.06,4.68,6.59,1545.72,1.09,657.43,0.43,15.04,35.36,0.46,0.42,0.62,0.44,0.4,0.67,#N/A,21.86,0.52,0.75,3.534,0.702,0.151,0.163,0.37,0.018,1.562,4.705,5.062,11.538,0.552,0.151,0.163,0.37,0.018,0.702,0.52,0.559,1.274,0.061,2.414,4.553,3.603
36629801,12449.67,399.33,12954.28,750.33,389.43,28.74,3.74,0.5,0.5,0.26,1.26,2157.47,1.04,1198.52,0.56,24.99,44.98,0.17,0.25,0.23,0.3,0.23,0.42,0.47,31.21,0.65,0.86,5.078,0.579,0.06,0.12,0.38,0.019,1.288,3.254,6.46,20.473,1.027,0.06,0.12,0.38,0.019,0.579,0.208,0.412,1.306,0.065,1.99,4.34,3.278
92938,8886.77,125.25,9602.53,919.44,438.79,42.62,2.71,2.01,1.47,1.62,5.1,1997.41,1.08,924.34,0.46,16.9,36.51,0.3,0.31,0.42,0.34,0.18,0.86,0.4,23.14,0.56,0.79,3.749,0.656,0.114,0.151,0.373,0.018,1.46,4.007,5.336,13.153,0.64,0.114,0.151,0.373,0.018,0.656,0.391,0.52,1.283,0.062,2.256,4.545,3.468
21119,9548.56,206,9979.56,795.26,385.87,37.38,2.7,0.87,0.49,1.16,2.52,1808.23,1.05,870.1,0.48,16.05,33.35,0.3,0.23,0.31,0.51,0.53,0.22,1,23.17,0.55,0.79,3.753,0.669,0.117,0.162,0.371,0.019,1.488,4.04,5.596,12.864,0.669,0.117,0.162,0.371,0.019,0.669,0.401,0.556,1.277,0.066,2.3,4.348,3.324
11812,9414.41,122.44,9689.07,762.64,401.89,29.43,3.21,0.37,0.69,0.41,1.47,2026.95,1.03,1077.34,0.53,17.76,33.41,0.21,0.2,0.28,0.38,0.4,0.48,0.4,25.04,0.57,0.81,4.06,0.644,0.09,0.157,0.372,0.024,1.433,3.509,6.11,14.467,0.951,0.09,0.157,0.372,0.024,0.644,0.31,0.541,1.28,0.084,2.215,4.284,3.219
12724,10929.17,261.5,11167.27,800.98,418.23,49.81,2.18,1.24,1.16,1.98,4.38,1642.65,1.02,710.55,0.43,16.49,38.11,0.55,0.34,0.29,0.43,0.25,0.22,0.18,23.98,0.56,0.78,3.873,0.657,0.123,0.14,0.377,0.017,1.462,4.48,5.126,13.762,0.612,0.123,0.14,0.377,0.017,0.657,0.422,0.483,1.297,0.058,2.259,4.145,3.344
90546,12279.73,235.42,12060.98,756.98,417.35,52.53,2.5,0.36,1.01,1.98,3.35,1744.76,0.98,852.36,0.49,18.71,38.29,0.59,0.33,0.21,0.22,0.33,0.53,0.35,26.76,0.6,0.81,4.338,0.623,0.095,0.134,0.381,0.015,1.387,4.06,5.733,16.339,0.623,0.095,0.134,0.381,0.015,0.623,0.325,0.459,1.309,0.05,2.144,3.95,3.142
91334,8281.16,140.75,8613.08,827.61,409.6,25.9,3.56,0.78,1,0.09,1.86,2172.14,1.04,1130.03,0.52,16.53,31.78,0.28,0.07,0.2,0.16,0.21,0.22,0.43,23.61,0.55,0.8,3.828,0.659,0.096,0.166,0.369,0.028,1.466,3.444,5.933,13.237,0.996,0.096,0.166,0.369,0.028,0.659,0.331,0.57,1.271,0.096,2.266,4.352,3.252
26044,8229.21,161.55,8662.1,808.03,400.09,23.36,3.78,0.88,0.94,-0.17,1.65,2310.58,1.05,1260.31,0.55,16.61,30.45,0.12,0.07,0.23,0.24,0.21,0.35,0.4,23.55,0.55,0.81,3.819,0.662,0.09,0.174,0.368,0.03,1.473,3.19,6.2,13.094,1.069,0.09,0.174,0.368,0.03,0.662,0.308,0.6,1.266,0.103,2.278,4.313,3.476
88566,7074.46,141,7377.51,916.27,399.64,20.14,4.35,1.26,1.21,-0.56,1.91,2560.71,1.04,1350.2,0.53,14.99,28.43,0.12,0.04,0.18,0.23,0.14,0.26,0.14,22.16,0.53,0.79,3.592,0.684,0.096,0.183,0.365,0.039,1.522,3.117,5.943,11.841,1.256,0.096,0.183,0.365,0.039,0.684,0.331,0.631,1.257,0.133,2.352,4.364,3.269
38116,11395.98,354.11,11759.38,736.82,386.39,31.32,2.48,0.18,0.6,0.48,1.26,1676.07,1.03,826.12,0.49,19.2,38.95,0.38,0.13,0.16,0.21,0.34,0.23,0.16,26.24,0.59,0.81,4.261,0.627,0.099,0.138,0.376,0.014,1.395,4.153,5.776,15.744,0.572,0.099,0.138,0.376,0.014,0.627,0.341,0.474,1.293,0.047,2.156,4.216,3.362
25881,9265.83,159.38,9730.29,773.31,379.43,28.63,3.39,0.4,0.41,0.35,1.17,2017.4,1.05,1046.32,0.52,17.22,33.2,0.25,0.13,0.25,0.21,0.38,0.4,0,24.18,0.56,0.8,3.919,0.654,0.096,0.162,0.369,0.027,1.455,3.557,5.977,13.651,0.995,0.096,0.162,0.369,0.027,0.654,0.331,0.556,1.27,0.093,2.25,4.221,3.589
12902,9743.43,171.67,9705.71,748.8,379,33.33,4.31,0.13,0.43,0.78,1.35,2332.38,1,1275.86,0.55,17.65,32.27,0.08,0.1,0.4,0.21,0.4,0.31,0.32,25.55,0.57,0.82,4.142,0.64,0.076,0.157,0.371,0.036,1.423,3.018,6.275,14.829,1.429,0.076,0.157,0.371,0.036,0.64,0.26,0.54,1.277,0.123,2.2,4.056,3.154
27298,7261.17,330.25,7431.23,840.31,392.1,38,4.13,6.07,0.83,1.42,8.32,2412.68,1.02,1291.1,0.54,15.34,28.67,0.13,0.34,0.19,0.33,0.32,0.65,0.54,22.83,0.53,0.8,3.699,0.675,0.093,0.179,0.365,0.039,1.503,3.132,6.045,12.35,1.302,0.093,0.179,0.365,0.039,0.675,0.319,0.615,1.256,0.132,2.323,4.184,3.304
12333,9714.37,336.92,9999.49,760.44,382.81,29.36,2.87,0.99,0.49,0.41,1.89,1848.23,1.03,940.89,0.51,16.28,31.97,0.18,0.22,0.34,0.29,0.42,0.22,0.25,23.68,0.55,0.8,3.84,0.664,0.108,0.165,0.371,0.02,1.479,3.843,5.888,13.229,0.723,0.108,0.165,0.371,0.02,0.664,0.371,0.568,1.277,0.07,2.286,4.202,3.351
11156,8439.03,253,8951.44,902.91,411.88,31.23,3.2,3.57,1.4,0.62,5.58,2144.86,1.06,1086.85,0.51,16.19,31.95,0.11,0.25,0.29,0.33,0.42,0.4,0.67,22.94,0.55,0.8,3.726,0.668,0.107,0.168,0.37,0.023,1.487,3.678,5.774,12.688,0.797,0.107,0.168,0.37,0.023,0.668,0.369,0.578,1.271,0.08,2.298,4.382,3.471
16211,6357.28,133.44,6640.13,853.22,419.36,35.12,3.65,1.48,1.71,1.35,4.54,2279.87,1.04,1173.64,0.51,12.62,24.52,0.18,0.27,0.3,0.29,0.35,0.44,0.25,20.2,0.48,0.77,3.264,0.739,0.123,0.213,0.364,0.04,1.645,3.356,5.817,9.943,1.08,0.123,0.213,0.364,0.04,0.739,0.422,0.732,1.252,0.136,2.542,4.283,3.418
11839,7653.12,71.5,9406.94,803.99,458.48,42.86,3.13,0.47,1.72,1.77,3.97,2083.31,1.23,1106.51,0.53,22.97,43.25,0.24,0.46,0.63,0.29,0.2,0.4,0.5,26.1,0.59,0.82,4.238,0.621,0.084,0.144,0.372,0.021,1.381,3.522,6.064,15.63,0.885,0.084,0.144,0.372,0.021,0.621,0.288,0.496,1.278,0.072,2.135,5.557,3.784
11838,10314.47,107,11109.46,775.11,446.57,39.47,3.2,0.33,1.86,1.11,3.31,2026.21,1.08,1081.43,0.53,22.92,42.95,0.25,0.31,0.32,0.51,0.36,0.29,0.46,28.71,0.62,0.84,4.667,0.6,0.074,0.129,0.379,0.019,1.335,3.537,6.161,18.116,0.898,0.074,0.129,0.379,0.019,0.6,0.254,0.443,1.302,0.065,2.064,4.623,3.302
22599,6302.84,216.75,6746.23,765.04,408.98,23.11,3.51,0.63,1.66,-0.26,2.03,2085.43,1.07,1071.66,0.51,12.91,25.13,0.15,0.22,0.15,0.26,0.35,0.32,0.19,20.36,0.48,0.76,3.285,0.745,0.126,0.214,0.364,0.042,1.658,3.436,5.846,9.943,1.139,0.126,0.214,0.364,0.042,0.745,0.432,0.736,1.251,0.143,2.563,4.551,3.328
3439,6865.45,200.5,6925.5,817.74,417,19.53,4.26,1.01,1.54,-0.66,1.89,2492.63,1.01,1375.22,0.55,13.94,25.26,0.16,0.11,0.08,0.19,0.18,0.23,0.4,21.87,0.51,0.79,3.541,0.701,0.096,0.199,0.365,0.042,1.561,2.982,6.201,11.376,1.308,0.096,0.199,0.365,0.042,0.701,0.329,0.684,1.255,0.144,2.413,4.001,3.404
23438,9217.79,401.5,9614.87,740.67,393.1,37.2,3.26,0.43,0.68,1.14,2.25,1968.8,1.04,1079.45,0.55,17.91,32.66,0.17,0.22,0.26,0.44,0.54,0.86,0.55,24.95,0.57,0.82,4.055,0.646,0.092,0.162,0.37,0.022,1.438,3.542,6.271,14.29,0.846,0.092,0.162,0.37,0.022,0.646,0.316,0.559,1.273,0.075,2.223,4.211,3.514
10772,8594.56,355.83,8420.45,806.78,410.51,240.91,2.78,2.5,0.82,21.09,24.41,1832.27,0.98,861.41,0.47,13.53,28.78,0.94,0.79,0.81,0.82,0.93,0.81,0.73,21.76,0.52,0.77,3.517,0.697,0.129,0.174,0.37,0.024,1.551,4.032,5.435,11.543,0.755,0.129,0.174,0.37,0.024,0.697,0.444,0.599,1.271,0.083,2.397,3.875,3.229
10774,9439.78,300.67,10384.48,800.11,371.03,42.86,2.23,1.7,0.12,1.69,3.51,1595.28,1.1,653.36,0.41,15.68,38.3,0.46,0.21,0.25,0.27,0.27,0.59,0.55,22.21,0.53,0.75,3.578,0.687,0.143,0.152,0.371,0.02,1.528,4.623,4.914,12.013,0.663,0.143,0.152,0.371,0.02,0.687,0.492,0.523,1.277,0.07,2.362,4.888,3.178
10776,8355.93,253.25,9047.24,814.87,389.14,14.34,2.46,1.8,0.51,-1.07,1.24,1715.58,1.08,747.75,0.44,15.11,34.66,0.11,0.15,0.18,0.15,0.17,0,1,21.8,0.53,0.76,3.516,0.689,0.137,0.162,0.369,0.021,1.534,4.341,5.123,11.656,0.676,0.137,0.162,0.369,0.021,0.689,0.472,0.557,1.268,0.074,2.372,4.646,3.337
99493,10107.57,173.08,11137.92,759.87,454.88,30.81,2.69,0.36,1.4,0.47,2.23,1879.94,1.1,994.06,0.53,21.95,41.52,0.12,0.28,0.32,0.3,0.29,0.29,#N/A,27.41,0.61,0.83,4.456,0.612,0.084,0.136,0.378,0.013,1.362,3.766,6.106,16.948,0.593,0.084,0.136,0.378,0.013,0.612,0.289,0.469,1.302,0.046,2.105,4.698,3.503
10896,10404.67,177.25,10732.54,813.58,389.23,34.37,3.32,1.39,0.45,0.76,2.61,2045.32,1.03,1081.84,0.53,19.32,36.52,0.07,0.26,0.38,0.53,0.5,1,0.5,26.21,0.59,0.82,4.265,0.623,0.086,0.145,0.373,0.02,1.387,3.607,6.08,15.706,0.821,0.086,0.145,0.373,0.02,0.623,0.295,0.497,1.284,0.067,2.143,4.189,3.4
91050,11465.63,234.67,11481.22,742.44,377.13,33.38,3.19,0.24,0.29,0.64,1.18,1937.12,1,1049.44,0.54,19.8,36.56,0.13,0.29,0.37,0.33,0.45,0.4,0.36,27.39,0.6,0.83,4.456,0.616,0.081,0.141,0.375,0.019,1.372,3.603,6.266,16.674,0.851,0.081,0.141,0.375,0.019,0.616,0.279,0.485,1.291,0.066,2.12,4.044,3.24
25389,7580.46,239.5,8388.49,901.84,428.05,25.2,4.08,3.59,1.32,0.02,4.93,2444.25,1.11,1265.48,0.52,18.28,35.3,0.13,0.14,0.29,0.19,0.35,0.27,0.4,24.12,0.56,0.8,3.911,0.648,0.087,0.158,0.369,0.034,1.442,3.231,5.876,13.729,1.282,0.087,0.158,0.369,0.034,0.648,0.299,0.543,1.269,0.119,2.229,4.812,3.383
23349,9155.18,227.67,9360.74,864.34,396.01,14.33,3.38,2.87,1.03,-0.93,2.96,2146.87,1.02,1049.5,0.49,17.61,36.02,0.11,0.1,0.06,0.29,0.12,0.21,0.29,24.66,0.58,0.8,3.993,0.634,0.092,0.145,0.37,0.027,1.412,3.586,5.639,14.394,1.045,0.092,0.145,0.37,0.027,0.634,0.317,0.499,1.274,0.092,2.182,4.116,3.398
108968101,13069.74,314.5,13986.87,707.86,400.42,31.85,3.27,-0.49,0.65,0.47,0.63,1993.89,1.07,1119.24,0.56,26.44,47.11,0.11,0.21,0.28,0.53,0.55,0.57,0.5,32.07,0.66,0.86,5.219,0.578,0.061,0.118,0.382,0.016,1.286,3.401,6.568,21.198,0.904,0.061,0.118,0.382,0.016,0.578,0.211,0.407,1.314,0.056,1.988,4.4,3.564
58703401,10654.79,355.58,11339,738.6,408.14,31.14,3.54,0.25,0.64,0.49,1.38,2096.38,1.06,1162.91,0.55,22.53,40.62,0.15,0.23,0.17,0.35,0.57,0.74,0.33,28.61,0.62,0.84,4.65,0.601,0.07,0.135,0.376,0.02,1.337,3.321,6.407,17.912,0.968,0.07,0.135,0.376,0.02,0.601,0.24,0.463,1.294,0.07,2.067,4.486,3.352
29544001,11282.65,129,11649.92,767.21,407.56,30.63,3.03,0.33,1.04,0.47,1.84,1954.13,1.03,1006.29,0.51,19.28,37.44,0.35,0.35,0.15,0.09,0.32,0.1,0.33,26.52,0.59,0.82,4.3,0.63,0.087,0.143,0.377,0.023,1.402,3.654,6,15.879,0.986,0.087,0.143,0.377,0.023,0.63,0.299,0.49,1.298,0.081,2.168,4.231,3.348
16221201,9537.97,128.75,9842.61,937.43,382.91,26.84,4.23,1.42,0.46,0.17,2.05,2526.77,1.03,1362.65,0.54,17.91,33.2,0.1,0.17,0.2,0.24,0.32,0.4,0.29,24.86,0.58,0.82,4.045,0.638,0.082,0.157,0.371,0.028,1.419,3.195,6.134,14.459,1.076,0.082,0.157,0.371,0.028,0.638,0.282,0.541,1.276,0.095,2.194,4.255,3.302
58851301,8222.04,147.58,8809.95,813.4,378.45,29.32,3.64,1.15,0.35,0.45,1.95,2155.46,1.07,1136.14,0.53,17.05,32.34,0.09,0.32,0.19,0.26,0.46,0.48,0.22,23.6,0.55,0.8,3.829,0.658,0.096,0.168,0.367,0.028,1.465,3.431,6.017,13.162,0.989,0.096,0.168,0.367,0.028,0.658,0.329,0.577,1.263,0.095,2.265,4.497,3.429
26565902,10392.47,120.2,10507.42,735.99,383,18.75,3,0.07,0.38,-0.51,-0.06,1841.52,1.01,945.88,0.51,18.63,36.27,0.18,0.08,0.2,0.29,0.29,0.46,#N/A,26.16,0.58,0.81,4.245,0.63,0.091,0.144,0.372,0.023,1.403,3.78,5.957,15.461,0.967,0.091,0.144,0.372,0.023,0.63,0.313,0.494,1.281,0.08,2.168,4.023,3.399
58813501,12395.57,253.25,12452.38,749.81,382.89,27.81,3.03,0.38,0.35,0.2,0.93,1876.58,1,987.87,0.53,20.89,39.68,0.12,0.14,0.27,0.52,0.73,#DIV/0!,#N/A,28.38,0.62,0.83,4.616,0.607,0.08,0.131,0.377,0.019,1.352,3.741,6.137,17.631,0.869,0.08,0.131,0.377,0.019,0.607,0.275,0.452,1.298,0.064,2.089,3.944,3.44
56055101,12487.76,177.58,12834.25,759.71,376.74,40.68,2.81,0.48,0.23,1.13,1.83,1789.44,1.03,918.08,0.51,20.84,40.62,0.14,0.36,0.35,0.44,0.57,0.29,0.67,27.76,0.61,0.83,4.518,0.61,0.087,0.132,0.378,0.013,1.357,3.952,6.004,17.2,0.605,0.087,0.132,0.378,0.013,0.61,0.299,0.454,1.299,0.046,2.097,4.142,3.426
109415801,9270.02,944.36,10348.01,747.16,378.57,31.81,3.05,1.69,0.37,0.66,2.72,1887.36,1.12,947.72,0.5,19.06,37.95,0.16,0.2,0.27,0.39,0.6,0.53,1,24.9,0.56,0.8,4.03,0.646,0.097,0.152,0.37,0.027,1.438,3.73,5.847,14.268,1.058,0.097,0.152,0.37,0.027,0.646,0.333,0.522,1.273,0.094,2.222,4.725,3.645
107618702,5795.37,186.4,5940.92,753.95,366.6,28.67,3.63,0.5,0.05,0.56,1.12,2067.52,1.03,1139.11,0.55,10.79,19.59,0.2,0.21,0.08,0.24,0.42,0.67,0.5,19.06,0.44,0.76,3.088,0.802,0.144,0.261,0.359,0.039,1.786,3.419,6.186,8.532,0.918,0.144,0.261,0.359,0.039,0.802,0.495,0.896,1.236,0.133,2.761,4.005,3.608
78729501,10469.1,390.36,11272.34,841.65,372.01,44.55,2.91,3.32,0.16,1.78,5.26,1908.87,1.08,906.61,0.47,17.55,36.96,0.34,0.3,0.23,0.36,0.41,0.42,0.48,24.02,0.56,0.79,3.893,0.653,0.108,0.151,0.374,0.021,1.454,3.962,5.557,13.732,0.766,0.108,0.151,0.374,0.021,0.653,0.371,0.52,1.285,0.072,2.247,4.646,3.26
98032701,7299.29,178.33,7533.61,762.5,435.75,41.93,2.56,0.9,1.69,2.15,4.74,1779.98,1.03,858.72,0.48,11.82,24.5,0.33,0.32,0.25,0.23,0.33,0.29,0.25,19.79,0.47,0.75,3.189,0.762,0.155,0.213,0.367,0.027,1.695,4.021,5.545,9.537,0.69,0.155,0.213,0.367,0.027,0.762,0.532,0.734,1.263,0.091,2.621,4.156,3.46
12395,10418.38,142.09,11425.85,775.76,391.88,51.99,2.92,0.29,0.63,2.38,3.3,1865.27,1.1,933.38,0.5,19.64,39.25,0.75,0.14,0.32,0.34,0.48,0.29,0.36,25.57,0.58,0.81,4.148,0.634,0.095,0.145,0.375,0.019,1.41,3.852,5.838,15.114,0.77,0.095,0.145,0.375,0.019,0.634,0.328,0.498,1.288,0.066,2.18,4.67,3.48
98190401,7013.07,92.9,7415.7,895.36,416.33,36.92,3.74,2.66,0.97,1.52,5.14,2360.11,1.06,1262.69,0.54,13.39,25.02,0.26,0.18,0.4,0.22,0.5,0.33,0.32,20.7,0.5,0.79,3.358,0.726,0.117,0.211,0.366,0.032,1.615,3.329,6.019,10.437,0.911,0.117,0.211,0.366,0.032,0.726,0.402,0.726,1.259,0.11,2.496,4.43,3.353
107974103,5056.66,89.25,5400.37,937.01,465.23,37.21,3.71,1.45,2.36,1.85,5.65,2363.52,1.07,1218.06,0.52,11.21,21.75,0.17,0.19,0.24,0.35,0.29,1,0.27,18.63,0.45,0.76,3.017,0.787,0.145,0.242,0.361,0.039,1.751,3.429,5.726,8.554,0.92,0.145,0.242,0.361,0.039,0.787,0.498,0.832,1.242,0.134,2.706,4.351,3.613
107282202,11330.22,193.5,11656.67,760.34,373.63,16.87,3.76,0.28,0.27,-0.66,-0.11,2143.62,1.03,1184.32,0.55,20.74,37.53,0.11,0.06,0.13,0.23,0.16,0.18,0.12,27.65,0.61,0.84,4.496,0.61,0.073,0.141,0.374,0.022,1.358,3.304,6.383,16.965,1.002,0.073,0.141,0.374,0.022,0.61,0.251,0.485,1.288,0.076,2.1,4.154,3.421
108400301,8481.54,244,9656.74,799.35,373.97,27,3.53,1.23,0.19,0.21,1.63,2091.61,1.14,1083.41,0.52,18.65,36,0.15,0.21,0.38,0.41,0.25,0.38,0.6,24.09,0.56,0.8,3.905,0.652,0.095,0.161,0.369,0.027,1.452,3.501,5.961,13.614,1.01,0.095,0.161,0.369,0.027,0.652,0.326,0.555,1.269,0.094,2.244,5.078,3.374
95658901,7646.92,110.17,7854.37,906.89,378.27,18.13,3.94,1.16,0.37,-0.87,0.65,2376.06,1.03,1220.04,0.51,12.61,24.56,0.23,0.05,0.13,0,0.18,0.13,0.25,20.42,0.49,0.77,3.307,0.737,0.121,0.21,0.366,0.04,1.64,3.341,5.833,10.142,1.108,0.121,0.21,0.366,0.04,0.737,0.415,0.724,1.259,0.138,2.535,4.286,3.19
108705702,10911.26,125.58,11127.6,770.36,386.75,27.06,4.16,0.63,0.52,0.17,1.31,2325.11,1.02,1325.1,0.57,21.34,37.44,0.05,0.16,0.14,0.4,0.67,0.55,0.86,28.42,0.61,0.84,4.623,0.605,0.065,0.139,0.375,0.025,1.345,3.068,6.538,17.625,1.185,0.065,0.139,0.375,0.025,0.605,0.225,0.478,1.29,0.087,2.08,4.216,3.207
108446003,8351.54,433.17,8578.7,928.16,376.69,30.95,3.9,3.92,0.32,0.65,4.89,2368.05,1.03,1210.43,0.51,14.39,28.14,0.17,0.15,0.25,0.29,0.37,0.42,0.71,21.84,0.52,0.79,3.543,0.692,0.108,0.184,0.367,0.033,1.541,3.397,5.818,11.594,1.036,0.108,0.184,0.367,0.033,0.692,0.37,0.634,1.264,0.113,2.381,4.224,3.289
25721001,11829.82,218.42,11644.88,908.57,399.4,29.39,2.59,3.39,0.89,0.33,4.61,1919.41,0.98,865.02,0.45,16.84,37.37,0.15,0.3,0.39,0.31,0.56,0,#N/A,24.6,0.58,0.8,3.988,0.638,0.107,0.137,0.378,0.016,1.419,4.137,5.282,14.572,0.613,0.107,0.137,0.378,0.016,0.638,0.369,0.471,1.299,0.055,2.194,3.929,3.203
98140502,8295.22,294.25,7982.51,843.62,377.41,22.5,3.62,2.97,0.43,-0.26,3.13,2194.39,0.96,1156.31,0.53,13.42,25.47,0.13,0.15,0.15,0.3,0.38,0.61,0.67,21.88,0.52,0.79,3.55,0.696,0.11,0.19,0.367,0.03,1.55,3.448,5.982,11.521,0.93,0.11,0.19,0.367,0.03,0.696,0.377,0.655,1.261,0.102,2.395,3.709,3.267
97758901,7173.04,76.42,7370.2,822.92,376.65,13.27,4.63,0.58,0.35,-1.41,-0.49,2490.79,1.03,1417.83,0.57,14.43,25.35,0,0.06,0.06,0.18,0.22,0.33,0.13,22.07,0.52,0.8,3.586,0.698,0.095,0.202,0.365,0.037,1.554,2.987,6.384,11.519,1.18,0.095,0.202,0.365,0.037,0.698,0.325,0.695,1.254,0.128,2.403,4.268,3.224
97967601,12178.85,236,12693.29,710.09,399.39,34.54,2.78,-0.35,0.66,0.69,1.01,1787.82,1.04,918.77,0.51,22.23,43.25,0.17,0.33,0.27,0.45,0.6,0.91,0.67,28.82,0.62,0.83,4.675,0.6,0.079,0.126,0.379,0.016,1.335,3.812,6.043,18.201,0.763,0.079,0.126,0.379,0.016,0.6,0.273,0.433,1.303,0.055,2.063,4.197,3.526
57365001,6899.8,111.42,7003.83,866.48,381.87,21.3,3.79,1.49,0.52,-0.52,1.48,2285.2,1.02,1192.19,0.52,11.13,21.34,0.12,0.13,0.07,0.27,0.25,0.12,0.32,19.32,0.46,0.76,3.127,0.78,0.136,0.238,0.364,0.042,1.736,3.375,5.896,9.024,1.029,0.136,0.238,0.364,0.042,0.78,0.469,0.819,1.253,0.143,2.684,4.218,3.143
57908004,7109.57,224,7077.41,861.21,375.25,18.08,4.05,2.34,0.27,-0.86,1.75,2356.99,1,1231.59,0.52,12.51,23.94,0.17,0.06,0.16,0.2,0.16,0.13,0.33,20.79,0.49,0.77,3.365,0.733,0.115,0.208,0.364,0.045,1.631,3.259,5.91,10.332,1.288,0.115,0.208,0.364,0.045,0.733,0.395,0.717,1.253,0.156,2.521,4.035,3.179
114129801,5398.28,83.25,6506.82,749.29,429.77,28.92,2.58,0.22,1.01,0.64,1.86,1764.27,1.21,882.92,0.5,12.53,25.03,0.31,0.16,0.24,0.4,0.44,0,0,18.82,0.45,0.74,3.041,0.801,0.17,0.242,0.362,0.026,1.782,4.005,5.69,8.511,0.618,0.17,0.242,0.362,0.026,0.801,0.586,0.832,1.245,0.09,2.754,5.418,3.696
18834102,10339.11,287.5,10531.07,911.1,408.01,38.62,2.54,3.61,0.91,1.12,5.64,1888.92,1.02,835.97,0.44,16.01,36.19,0.34,0.21,0.24,0.33,0.53,0.67,0.4,23.28,0.56,0.78,3.77,0.656,0.119,0.146,0.375,0.017,1.46,4.214,5.169,13.296,0.599,0.119,0.146,0.375,0.017,0.656,0.409,0.501,1.289,0.058,2.257,4.17,3.263
98822501,9578.05,113.25,9912.11,823.58,425.77,24.58,4,0.52,1.41,-0.04,1.89,2378.54,1.03,1345.78,0.57,20.76,36.7,0.1,0.11,0.42,0.04,0.36,0.43,0.18,27.51,0.61,0.84,4.477,0.611,0.069,0.143,0.374,0.025,1.359,3.124,6.434,16.843,1.108,0.069,0.143,0.374,0.025,0.611,0.238,0.491,1.286,0.085,2.1,4.267,3.321
109347501,10199.38,183.75,9714.41,856.17,403.19,22.76,3.75,1.56,0.98,-0.2,2.34,2326.84,0.95,1227.75,0.53,15.85,30.04,0.13,0.17,0.26,0.18,0.22,0.58,0.17,24.36,0.57,0.81,3.95,0.649,0.088,0.161,0.373,0.028,1.445,3.283,6.036,13.981,1.057,0.088,0.161,0.373,0.028,0.649,0.301,0.554,1.282,0.097,2.234,3.625,3.272
109725101,7477.98,77.8,7848.23,741.84,366.84,40.47,2.86,0.11,0.06,1.84,2.01,1779.8,1.05,851.22,0.48,13.3,27.82,0.21,0.1,0.25,0.59,0.4,0.67,#N/A,20.9,0.49,0.75,3.368,0.727,0.138,0.194,0.365,0.031,1.617,3.955,5.565,10.486,0.889,0.138,0.194,0.365,0.031,0.727,0.473,0.666,1.255,0.106,2.5,4.387,3.319
108551701,8406.14,110.08,10137.91,855.11,397.42,23.55,3.73,1.01,0.76,-0.15,1.62,2238.76,1.21,1134.69,0.51,21.18,41.78,0.1,0.19,0.21,0.36,0.18,0.4,0.4,25.01,0.58,0.81,4.054,0.632,0.086,0.147,0.37,0.028,1.406,3.412,5.84,14.643,1.113,0.086,0.147,0.37,0.028,0.632,0.296,0.507,1.272,0.097,2.173,5.364,3.791
98831401,9028.85,235.5,9502.64,812.01,399.31,25.27,3.98,1.47,1.17,0.03,2.67,2360.06,1.05,1313.68,0.56,18.47,33.18,0.14,0.13,0.19,0.29,0.33,0.53,0.55,25.17,0.58,0.82,4.089,0.638,0.079,0.16,0.371,0.027,1.419,3.127,6.334,14.629,1.085,0.079,0.16,0.371,0.027,0.638,0.272,0.552,1.275,0.094,2.193,4.356,3.406
109717501,7329.63,183.75,8109.31,749.67,397.99,16.24,3.76,0.29,0.69,-1.04,-0.06,2182,1.11,1203.16,0.55,16.71,30.3,0.04,0.13,0.17,0.2,0.21,0.26,0.11,23.06,0.53,0.8,3.737,0.677,0.095,0.184,0.367,0.032,1.507,3.228,6.259,12.488,1.08,0.095,0.184,0.367,0.032,0.677,0.326,0.632,1.261,0.109,2.329,4.865,3.296
56470101,10499.9,446.5,11122.01,751.51,375.8,22.8,3.41,0.74,0.25,-0.18,0.82,2007.48,1.06,1105.66,0.55,20.86,37.88,0.08,0.15,0.28,0.32,0.34,0.4,0.6,27.17,0.6,0.83,4.421,0.614,0.079,0.143,0.373,0.019,1.367,3.5,6.338,16.485,0.843,0.079,0.143,0.373,0.019,0.614,0.272,0.493,1.282,0.066,2.113,4.343,3.513
78382801,12467.23,748.6,12085.79,750.86,378.07,45.16,2.54,1.17,0.27,1.45,2.89,1698.59,0.97,810.34,0.48,17.91,37.54,0.31,0.4,0.34,0.4,0.52,0.5,0.4,26.13,0.59,0.81,4.235,0.627,0.1,0.135,0.377,0.016,1.396,4.152,5.635,15.694,0.653,0.1,0.135,0.377,0.016,0.627,0.343,0.465,1.295,0.054,2.157,3.694,3.382
75473502,10665.4,262.92,10876.33,869.4,392.05,22.44,4.14,2.19,0.66,-0.21,2.64,2440.9,1.02,1357.62,0.56,20.27,36.45,0.11,0.1,0.21,0.23,0.25,0.44,0.43,27.3,0.61,0.84,4.444,0.612,0.071,0.142,0.374,0.024,1.361,3.148,6.358,16.709,1.081,0.071,0.142,0.374,0.024,0.612,0.243,0.49,1.288,0.083,2.104,4.166,3.285
98004301,8903.83,78.42,9064.7,1055.16,397.76,29.73,3.4,1.47,0.73,0.46,2.66,2292.79,1.02,1037.74,0.45,14.07,31.1,0.26,0.22,0.13,0.18,0.26,0.5,0.22,21.44,0.53,0.77,3.475,0.688,0.123,0.167,0.37,0.028,1.53,3.823,5.196,11.537,0.882,0.123,0.167,0.37,0.028,0.688,0.422,0.573,1.273,0.097,2.366,4.174,3.25
99370,9825.8,278.42,10261.8,940.09,420.19,27.73,3.08,3.59,1.15,0.24,4.98,2181.25,1.04,1070.41,0.49,17.03,34.7,0.15,0.18,0.34,0.35,0.37,0.29,0.57,23.95,0.57,0.8,3.888,0.652,0.101,0.154,0.374,0.023,1.452,3.716,5.648,13.746,0.843,0.101,0.154,0.374,0.023,0.652,0.348,0.529,1.288,0.079,2.244,4.345,3.319
12315,6550.74,55.63,6512.06,940.35,427.8,50.6,2.48,1.85,1.03,3.66,6.54,1966.16,0.99,883.87,0.45,8.88,19.75,0.42,0.59,0.29,0.4,0.22,0.4,#N/A,17.23,0.42,0.71,2.779,0.851,0.205,0.253,0.365,0.028,1.894,4.15,5.127,7.394,0.562,0.205,0.253,0.365,0.028,0.851,0.705,0.871,1.256,0.095,2.928,4.051,3.136
10847,7447.35,328.17,7811.58,872.45,369.02,51.47,2.81,5.73,0.15,3.16,9.04,1897.6,1.05,830.81,0.44,12.25,27.99,0.39,0.31,0.26,0.32,0.32,0.77,0.67,19.72,0.48,0.74,3.175,0.744,0.155,0.193,0.365,0.032,1.655,4.104,5.113,9.666,0.837,0.155,0.193,0.365,0.032,0.744,0.532,0.663,1.254,0.109,2.558,4.335,3.393
13366,9756.88,281.83,10171.38,789.54,389.19,42.76,2.58,1.29,0.5,1.66,3.45,1762.42,1.04,825.64,0.47,15.82,33.78,0.47,0.25,0.21,0.33,0.42,0.31,0.46,23.03,0.55,0.78,3.725,0.671,0.12,0.16,0.372,0.019,1.494,4.133,5.482,12.747,0.667,0.12,0.16,0.372,0.019,0.671,0.415,0.55,1.278,0.067,2.31,4.259,3.431
11528,12304.22,193,12235.32,789.37,423.49,42.86,2.32,0.65,1.34,1.2,3.2,1673.65,0.99,738,0.44,19.05,43.21,0.5,0.25,0.21,0.16,0.32,0.67,0.33,26.75,0.61,0.8,4.326,0.618,0.1,0.121,0.381,0.015,1.375,4.353,5.244,16.503,0.654,0.1,0.121,0.381,0.015,0.618,0.346,0.416,1.311,0.052,2.125,3.983,3.247
26902,7185.26,293.82,7415.24,743.77,382.77,29.66,3.71,0.39,0.86,0.59,1.84,2144.4,1.03,1124.63,0.52,13.6,25.94,0.17,0.17,0.24,0.25,0.28,0.25,0.4,21.37,0.5,0.78,3.449,0.716,0.11,0.201,0.364,0.042,1.593,3.283,5.99,10.856,1.242,0.11,0.201,0.364,0.042,0.716,0.378,0.69,1.251,0.143,2.463,4.065,3.602
11054,9806.62,170,10667.13,810.07,373.7,26.86,3.18,0.88,0.22,0.17,1.26,1975.82,1.09,1031.62,0.52,19.31,36.99,0.19,0.13,0.16,0.25,0.4,0.46,0.4,25.34,0.58,0.81,4.123,0.635,0.093,0.151,0.371,0.02,1.414,3.723,6.013,14.809,0.795,0.093,0.151,0.371,0.02,0.635,0.321,0.519,1.277,0.069,2.185,4.591,3.49
11104,10912.66,111.67,11208.52,775.95,381.21,32.24,3.03,0.4,0.4,0.59,1.39,1891.47,1.03,941.8,0.5,18.8,37.76,0.13,0.24,0.32,0.38,0.46,#DIV/0!,0,26.05,0.59,0.81,4.223,0.631,0.092,0.141,0.374,0.024,1.405,3.801,5.811,15.446,0.991,0.092,0.141,0.374,0.024,0.631,0.317,0.484,1.288,0.083,2.171,4.212,3.308
12236,9753.6,366.25,10102.93,808.9,404.77,23.89,3.04,2.12,0.78,-0.1,2.8,1973.7,1.04,1029.79,0.52,17.81,34.13,0.18,0.09,0.31,0.33,0.48,0.33,0.55,24.95,0.57,0.81,4.056,0.645,0.096,0.155,0.373,0.021,1.437,3.726,5.988,14.422,0.808,0.096,0.155,0.373,0.021,0.645,0.332,0.533,1.284,0.072,2.221,4.32,3.249
38976,11898.89,421,12288.11,743.6,377.04,30.61,3.49,0.38,0.32,0.43,1.13,2051.28,1.03,1094.74,0.53,22.04,41.31,0.12,0.16,0.32,0.39,0.5,0.43,0.5,28.76,0.62,0.84,4.669,0.598,0.071,0.129,0.376,0.022,1.332,3.412,6.22,18.086,1.043,0.071,0.129,0.376,0.022,0.598,0.244,0.445,1.295,0.075,2.059,4.196,3.404
13793,12084.96,369.08,12690.93,768.6,383.62,33.01,3.25,0.97,0.41,0.59,1.97,1994.91,1.05,1066.56,0.53,22.64,42.34,0.19,0.24,0.23,0.41,0.44,0.46,1,28.98,0.63,0.84,4.714,0.598,0.074,0.128,0.378,0.018,1.331,3.572,6.223,18.307,0.877,0.074,0.128,0.378,0.018,0.598,0.254,0.442,1.3,0.062,2.058,4.366,3.359
14366,10411.98,246.25,11083.44,822.61,382.71,28.78,3.09,1.82,0.42,0.32,2.57,1990.41,1.06,995.42,0.5,19.28,38.54,0.14,0.3,0.24,0.42,0.71,0.35,#N/A,25.72,0.59,0.81,4.173,0.63,0.092,0.143,0.373,0.023,1.403,3.741,5.813,15.233,0.928,0.092,0.143,0.373,0.023,0.63,0.316,0.49,1.285,0.078,2.169,4.463,3.391
16345,10503.61,275,10306.93,777.01,374.07,40.61,3.12,1.34,0.19,1.3,2.83,1922.16,0.98,991.97,0.52,16.9,32.75,0.24,0.25,0.46,0.46,0.58,0.86,0.5,25,0.57,0.81,4.06,0.645,0.096,0.154,0.372,0.023,1.435,3.738,5.959,14.416,0.888,0.096,0.154,0.372,0.023,0.645,0.332,0.529,1.279,0.079,2.219,3.829,3.322
99493,10105.1,172.83,11176,764.1,454.69,27.38,2.74,0.4,1.43,0.19,2.02,1898.96,1.11,1005.53,0.53,21.99,41.53,0.1,0.27,0.29,0.3,0.24,0.29,#N/A,27.38,0.61,0.83,4.451,0.613,0.084,0.137,0.378,0.014,1.363,3.741,6.116,16.914,0.609,0.084,0.137,0.378,0.014,0.613,0.288,0.471,1.302,0.047,2.107,4.72,3.519
28242001,11143.42,240.33,11078.84,893.05,385.03,28.97,4.21,2.06,0.48,0.31,2.85,2474.7,0.99,1326.44,0.54,19.65,36.66,0.14,0.14,0.19,0.31,0.36,0.34,0.7,27.15,0.61,0.83,4.415,0.611,0.071,0.139,0.375,0.027,1.36,3.163,6.157,16.643,1.19,0.071,0.139,0.375,0.027,0.611,0.245,0.477,1.289,0.092,2.103,3.951,3.296
29999503,9932.79,245.17,9767.16,726.76,398.35,36.94,3.07,-0.05,0.73,1.03,1.71,1873.07,0.98,968.71,0.52,16.84,32.57,0.27,0.27,0.25,0.33,0.38,0.34,0.6,25.07,0.57,0.8,4.062,0.649,0.096,0.155,0.372,0.026,1.444,3.693,5.982,14.385,1.007,0.096,0.155,0.372,0.026,0.649,0.329,0.533,1.281,0.09,2.232,3.873,3.279
28501802,9391.53,63.88,9587.88,750.94,415.36,31.49,4.47,0.1,0.75,0.55,1.4,2386.63,1.02,1418.39,0.59,20.72,34.86,0.05,0.24,0,0.3,0.67,0.75,0.4,27.73,0.61,0.85,4.517,0.609,0.065,0.148,0.372,0.024,1.355,2.94,6.728,16.95,1.115,0.065,0.148,0.372,0.024,0.609,0.222,0.508,1.28,0.084,2.095,4.118,3.376
18352901,9359.96,109.14,8629.7,740.68,418.25,32.83,2.81,0.14,0.85,0.68,1.67,1848.3,0.92,934.61,0.51,14.48,28.64,0.25,0.26,0.27,0.37,0.29,0.67,0.5,23.57,0.55,0.79,3.811,0.664,0.107,0.164,0.371,0.022,1.478,3.792,5.827,13.156,0.791,0.107,0.164,0.371,0.022,0.664,0.368,0.565,1.275,0.077,2.284,3.314,3.371
25384301,12104.36,113.33,13051.07,774.23,387.4,44.48,3.29,0.35,0.59,1.42,2.36,2028.24,1.08,1078.29,0.53,24.29,45.69,0.27,0.35,0.32,0.31,0.55,0.67,0,29.87,0.64,0.84,4.857,0.59,0.07,0.123,0.379,0.018,1.313,3.53,6.21,19.215,0.917,0.07,0.123,0.379,0.018,0.59,0.24,0.422,1.305,0.062,2.029,4.675,3.234
25764501,10245.91,453.17,10217.91,745.96,400.97,30.41,3.25,0.58,0.73,0.46,1.76,2013.56,1,1086.85,0.54,18.29,33.88,0.1,0.2,0.3,0.44,0.72,0.75,0.67,26.08,0.59,0.82,4.233,0.632,0.084,0.15,0.374,0.023,1.405,3.483,6.212,15.449,0.936,0.084,0.15,0.374,0.023,0.632,0.29,0.517,1.287,0.078,2.173,4.089,3.118
42645,13653.26,286.88,13927.57,712,371.85,26.51,3.51,-0.28,0.16,0.1,-0.02,2002.13,1.02,1083.45,0.54,25.1,46.38,0.12,0.16,0.3,0.35,0.26,0.4,0.3,31.84,0.65,0.85,5.174,0.575,0.062,0.115,0.38,0.019,1.281,3.403,6.357,21.024,1.052,0.062,0.115,0.38,0.019,0.575,0.212,0.395,1.307,0.065,1.98,4.069,3.442
28120502,9795.8,63.33,10187.19,801.19,385.04,86.19,2.65,0.37,0.5,5.85,6.72,1812.53,1.04,867.87,0.48,15.53,32.43,0.76,0.48,0.53,0.32,0.6,0.46,0.67,22.82,0.54,0.78,3.694,0.677,0.12,0.165,0.372,0.019,1.506,4.051,5.579,12.529,0.657,0.12,0.165,0.372,0.019,0.677,0.413,0.569,1.279,0.067,2.328,4.287,3.355
18855101,13039.58,426.55,13565.25,833.78,391.99,42.2,2.97,3.93,0.7,1.21,5.84,1962.03,1.04,974.34,0.5,21.75,43.81,0.27,0.32,0.33,0.44,0.63,0.56,0.48,28.29,0.63,0.83,4.598,0.602,0.081,0.124,0.38,0.016,1.339,3.822,5.839,17.887,0.747,0.081,0.124,0.38,0.016,0.602,0.28,0.427,1.308,0.055,2.069,4.158,3.562
41937,10426.33,219.89,10689.44,775.89,396.29,39.75,2.98,1.04,0.66,1.23,2.92,1919.02,1.03,1001.44,0.52,18.55,35.54,0.21,0.29,0.38,0.49,0.49,0.57,0.67,25.7,0.59,0.82,4.175,0.631,0.092,0.148,0.374,0.018,1.405,3.739,6.024,15.215,0.718,0.092,0.148,0.374,0.018,0.631,0.316,0.509,1.286,0.061,2.172,4.157,3.369
90032,9296.01,107.58,10103.96,784.57,419.85,19.57,3.75,0.32,1.23,-0.49,1.06,2235.59,1.09,1246.83,0.56,20.97,37.59,0.15,0.09,0.17,0.16,0.2,0.5,0.26,26.78,0.6,0.84,4.353,0.617,0.074,0.147,0.374,0.022,1.374,3.229,6.371,16.201,0.975,0.074,0.147,0.374,0.022,0.617,0.256,0.505,1.285,0.077,2.124,4.692,3.319
12411,9784.48,292.08,9869.82,809.58,395.67,25.66,3.71,1.91,0.78,0.06,2.75,2227.61,1.01,1200.16,0.54,17.81,33.06,0.09,0.14,0.25,0.33,0.51,0.46,0.48,25.26,0.58,0.82,4.102,0.635,0.083,0.155,0.372,0.025,1.414,3.308,6.165,14.778,1.013,0.083,0.155,0.372,0.025,0.635,0.286,0.533,1.279,0.088,2.186,4.011,3.387
15356,9855.87,228.08,10021.35,782.52,390.27,27.4,3.25,0.98,0.61,0.21,1.8,1995.32,1.02,1025.93,0.51,17.41,33.86,0.19,0.15,0.3,0.28,0.36,0.53,0.24,24.89,0.57,0.81,4.036,0.645,0.094,0.154,0.372,0.025,1.435,3.621,5.934,14.369,0.965,0.094,0.154,0.372,0.025,0.645,0.323,0.529,1.281,0.086,2.218,4.188,3.213
28211602,7661.4,140,8558.66,844.77,364.02,28.61,3.3,1.65,-0.03,0.43,2.05,2028.99,1.12,1000.64,0.49,15.12,30.66,0.17,0.13,0.31,0.51,0.52,0.67,0.67,21.5,0.51,0.77,3.483,0.704,0.122,0.186,0.365,0.031,1.567,3.738,5.67,11.157,0.936,0.122,0.186,0.365,0.031,0.704,0.421,0.639,1.257,0.105,2.421,4.837,3.478
12392,10566.29,90.25,10768.53,774.72,404.31,75.29,2.59,0.36,0.85,4.4,5.61,1758.89,1.02,853.94,0.49,16.36,33.7,0.71,0.2,0.13,0.46,0.26,0.5,0.35,23.95,0.56,0.79,3.882,0.662,0.113,0.156,0.375,0.017,1.472,4.085,5.663,13.581,0.619,0.113,0.156,0.375,0.017,0.662,0.388,0.538,1.291,0.059,2.276,4.185,3.247
27051,9078.57,200.78,9406.75,847.43,416.09,67.05,2.66,1.88,1.22,3.84,6.94,1897.22,1.04,958.05,0.5,16,31.68,0.53,0.42,0.45,0.48,0.67,0.86,0.57,23.08,0.55,0.8,3.758,0.666,0.115,0.166,0.371,0.014,1.482,3.986,5.76,12.866,0.473,0.115,0.166,0.371,0.014,0.666,0.396,0.572,1.277,0.047,2.291,4.166,3.495
117113401,5877.03,87.75,5840.45,724.25,391.4,13.2,4.18,-0.04,0.62,-1.74,-1.17,2256.88,0.99,1298.42,0.58,11.17,19.41,0,0.25,0.06,0.09,0,0.31,0.09,19.86,0.45,0.77,3.218,0.784,0.121,0.253,0.361,0.048,1.744,3.059,6.424,9.15,1.226,0.121,0.253,0.361,0.048,0.784,0.415,0.872,1.242,0.166,2.695,3.887,3.391
18882501,7827.2,219.17,9310.1,876.29,404.05,13.18,2.44,3.95,1.22,-1.29,3.88,1829.53,1.19,782.76,0.43,16.61,38.82,0.12,0.06,0.12,0.18,0.55,0.22,0,21.65,0.53,0.76,3.489,0.684,0.135,0.159,0.369,0.022,1.521,4.265,5.021,11.686,0.681,0.135,0.159,0.369,0.022,0.684,0.463,0.545,1.269,0.074,2.352,5.393,3.531
98054901,10673.97,422.67,11648.29,673.36,369.32,22.37,3.3,-2.2,0.1,-0.22,-2.32,1885.63,1.09,1027.29,0.54,22.39,41.09,0.11,0.23,0.22,0.32,0.34,0.43,0.56,28.12,0.61,0.83,4.564,0.609,0.076,0.137,0.374,0.022,1.355,3.502,6.343,17.255,1.016,0.076,0.137,0.374,0.022,0.609,0.261,0.472,1.285,0.076,2.094,4.664,3.419
109270001,10447.86,464.58,10743.14,828.56,376.62,25.73,3.47,3.09,0.38,0.07,3.53,2122.67,1.03,1098.27,0.52,17.5,33.82,0.24,0.16,0.19,0.21,0.33,0.55,0.42,24.71,0.57,0.81,4.011,0.645,0.092,0.156,0.372,0.025,1.435,3.523,5.975,14.268,0.948,0.092,0.156,0.372,0.025,0.645,0.316,0.536,1.281,0.085,2.218,4.137,3.441
109310201,13105.62,469.42,13418.73,718.03,394.04,30.94,3.29,-0.43,0.56,0.4,0.53,1984.79,1.02,1109.54,0.56,24.71,44.2,0.15,0.19,0.22,0.37,0.53,0.71,0.67,31.48,0.65,0.86,5.125,0.581,0.064,0.12,0.381,0.016,1.293,3.444,6.519,20.645,0.874,0.064,0.12,0.381,0.016,0.581,0.219,0.414,1.311,0.056,1.999,4.16,3.347
106781801,10269.35,220.08,10492.17,817.09,403.55,29,3.79,1.35,0.95,0.33,2.62,2264.61,1.02,1234.76,0.55,20,36.68,0.14,0.14,0.2,0.39,0.45,0.6,0.89,26.94,0.6,0.83,4.379,0.612,0.074,0.142,0.373,0.023,1.362,3.269,6.246,16.425,1.001,0.074,0.142,0.373,0.023,0.612,0.255,0.488,1.284,0.078,2.106,4.005,3.565
109231304,13328.47,912.67,13681.59,730.45,386.21,30.39,3,0.07,0.38,0.37,0.82,1878.43,1.03,976.81,0.52,23.37,44.93,0.13,0.25,0.32,0.49,0.62,0.63,#N/A,30.31,0.64,0.84,4.921,0.592,0.072,0.12,0.381,0.019,1.316,3.685,6.124,19.499,0.997,0.072,0.12,0.381,0.019,0.592,0.247,0.411,1.309,0.067,2.035,4.113,3.456
28030004,11306.1,163.67,12301.69,791.96,396.52,31.52,2.17,1.15,0.49,0.49,2.12,1607.94,1.09,689.33,0.43,19.81,46.21,0.22,0.31,0.47,0.6,0.4,#N/A,#N/A,25.81,0.59,0.79,4.174,0.627,0.11,0.124,0.378,0.015,1.396,4.54,5.115,15.544,0.611,0.11,0.124,0.378,0.015,0.627,0.379,0.428,1.299,0.051,2.157,4.679,3.353
