farmID,annualMY,herdSize,annualMYFPCM,AAFC,CI,culling,avLactOnLeaving,costAAFC,costCI,costCull,totalCost,totalLifeDays,FPcorrfactor,milkLifeDays,OEEEffic,lifetimeYieldKgDay,productiveLifetimeYieldKgDay,Cull_L1,Cull_L2,Cull_L3,Cull_L4,Cull_L5,Cull_L6,Cull_L6over,CH4MJdLife,propCH4Milk,propCH4ForLactatingPeriods,eCO2 TyearGWP100,Repeat01,Repeat02,Repeat03,Repeat04,Repeat05,CH4_kgFPCM,CH4ForHeifer,CH4Maint,CH4Milk,CH4Preg+Dry,eCO2GWP100Heifer,eCO2GWP100Maint,eCO2GWP100Milk,eCO2GWP100Preg,eCO2GWP100Total,eCO2GWP*HeiferRearing,eCO2GWP*Maint,eCO2GWP*Milk,eCO2GWP*PregDry,eCO2GWP*Total,BFAnnualAvg,milkProteinAnnualAvg,milkButterFatKgYear,milkProteinKgYear
1,12182,367,11808,734,398,27.7,2.77,0.12,0.39,0.2,0.7,1802.8,0.97,922.2,0.51,18.9,36.9,0.21,0.25,0.28,0.36,0.22,0.67,0.67,27.1,0.61,0.82,2.747,0.386,0.079,0.076,0.211,0.02,0.8591,5.5708,5.3232,14.7898,1.42,0.0793,0.0758,0.2106,0.0202,0.386,0.2729,0.2608,0.7246,0.0696,1.3279,3.8007,3.2119,463.01,391.28
2,11802,49,11286,731,416,12.3,2.86,0,0.9,-0.92,-0.02,1845.2,0.96,940.3,0.51,18.6,36.5,0.06,0.21,0,0.29,0.29,0,0,27.11,0.605,0.820,2.7499,0.3863,0.0772,0.0754,0.2103,0.0234,0.8597,5.4177,5.2889,14.7547,1.6452,0.0772,0.0754,0.2103,0.0234,0.3863,0.2656,0.2593,0.7233,0.0806,1.3288,3.6417,3.2961,429.79,389.01
3,10409,285,11585,751,367,20.4,3.56,0.49,0.09,-0.41,0.17,2035.1,1.11,1092.4,0.54,22,41,0.1,0.08,0.22,0.22,0.33,0.17,0.29,27.24,0.603,0.828,2.7521,0.381,0.0705,0.0783,0.2092,0.0229,0.8479,5.0448,5.5982,14.9603,1.6404,0.0705,0.0783,0.2092,0.0229,0.381,0.2427,0.2693,0.7197,0.0789,1.3106,4.8848,3.3498,508.46,348.68
4,12579,138,13368,728,373,30.9,3.02,-0.02,0.17,0.43,0.58,1841.7,1.06,982,0.53,23.1,43.3,0.16,0.33,0.39,0.24,0.31,0.4,0.29,29.31,0.625,0.836,2.8968,0.3645,0.0691,0.0706,0.2089,0.016,0.8112,5.5543,5.6761,16.8002,1.2834,0.0691,0.0706,0.2089,0.016,0.3645,0.2376,0.2428,0.7186,0.0549,1.2539,4.436,3.412,558,429.19
5,12990,751,12710,734,388,28.8,2.89,0.3,0.49,0.27,1.05,1847.9,0.98,953.1,0.52,20.1,39,0.14,0.27,0.26,0.4,0.53,0.54,0.57,28.13,0.617,0.829,2.8243,0.3762,0.0733,0.0723,0.2101,0.0206,0.8373,5.4832,5.4034,15.7034,1.5366,0.0733,0.0723,0.2101,0.0206,0.3762,0.2523,0.2486,0.7226,0.0707,1.2942,3.8337,3.2781,498,425.83
6,10648,265,10773,780,386,28.1,4.1,0.85,0.52,0.26,1.63,2333.2,1.01,1325.2,0.57,20,35.3,0.02,0.13,0.24,0.35,0.25,0.37,0.4,27.4,0.602,0.837,2.7552,0.3804,0.0632,0.0824,0.2109,0.0238,0.8465,4.5528,5.9376,15.1921,1.7142,0.0632,0.0824,0.2109,0.0238,0.3804,0.2175,0.2836,0.7256,0.0819,1.3085,4.1225,3.2499,438.97,346.05
7,9371,238,12309,747,388,27.1,3.35,0.35,0.46,0.2,1.01,2015.3,1.31,1101.6,0.55,28.2,51.6,0.16,0.18,0.31,0.25,0.21,0.45,0.29,28.73,0.622,0.840,2.8609,0.3649,0.0654,0.0731,0.2078,0.0186,0.812,5.1456,5.7546,16.3626,1.4637,0.0654,0.0731,0.2078,0.0186,0.3649,0.2248,0.2514,0.7149,0.064,1.2552,6.2107,3.8373,582.03,359.61
8,11041,294,10635,758,454,39.7,3.5,0.31,2.26,1.05,3.62,2111.4,0.96,1124.6,0.53,20.4,38.4,0.2,0.23,0.36,0.31,0.45,0.51,0,28.64,0.625,0.836,2.8647,0.3694,0.0638,0.0712,0.2098,0.0247,0.8222,4.9469,5.5184,16.2654,1.9126,0.0638,0.0712,0.2098,0.0247,0.3694,0.2195,0.2448,0.7217,0.0849,1.2709,3.6824,3.3216,406.56,366.72
9,8477,443,8488,706,382,26.3,4.34,-0.73,0.51,0.14,-0.08,2297.3,1,1317.8,0.57,16,27.8,0.07,0.19,0.18,0.29,0.3,0.35,0.32,23.99,0.544,0.811,2.5051,0.4303,0.0738,0.1059,0.2147,0.0359,0.9576,4.1155,5.904,11.9707,2.003,0.0738,0.1059,0.2147,0.0359,0.4303,0.2539,0.3642,0.7385,0.1236,1.4802,4.1026,3.1479,347.77,266.85
10,11666,206,12136,752,381,28.3,2.85,0.38,0.36,0.26,1,1822.6,1.04,906.5,0.5,20.3,40.8,0.27,0.2,0.29,0.26,0.44,0.4,#N/A,27.01,0.604,0.817,2.7409,0.3845,0.0799,0.0736,0.2087,0.0223,0.8557,5.6123,5.1685,14.6632,1.5641,0.0799,0.0736,0.2087,0.0223,0.3845,0.2748,0.2531,0.7181,0.0766,1.3227,4.2029,3.4901,490.33,407.17
11,10309,307,11468,750,388,34.6,3.22,0.42,0.5,0.82,1.74,1981,1.11,1046.4,0.53,21.9,41.6,0.13,0.26,0.32,0.37,0.39,1,0.4,27.27,0.603,0.825,2.7533,0.3818,0.0725,0.0771,0.2093,0.0228,0.8496,5.1781,5.511,14.9559,1.6295,0.0725,0.0771,0.2093,0.0228,0.3818,0.2493,0.2654,0.7201,0.0785,1.3133,4.8617,3.379,501.18,348.33
12,10611,375,11080,747,387,41.1,3.26,0.55,-0.27,1.31,1.59,1966.5,1.04,1023.4,0.52,20.5,39.4,0.19,0.23,0.36,0.46,0.64,0.96,0.25,27.14,0.602,0.821,2.7458,0.3824,0.0731,0.0762,0.2085,0.0246,0.8509,5.1866,5.4111,14.8036,1.7429,0.0731,0.0762,0.2085,0.0246,0.3824,0.2513,0.2622,0.7173,0.0845,1.3153,4.2215,3.5116,447.94,372.62
13,12280,235,12061,757,417,52.5,2.5,0.36,1.01,1.98,3.35,1744.8,0.98,852.4,0.49,18.7,38.3,0.59,0.33,0.21,0.22,0.33,0.53,0.35,26.74,0.604,0.815,2.72,0.3907,0.0859,0.074,0.2111,0.0197,0.8696,5.8774,5.0638,14.4472,1.3501,0.0859,0.074,0.2111,0.0197,0.3907,0.2955,0.2546,0.7263,0.0679,1.3441,3.9503,3.1418,485.09,385.81
14,9414,122,9689,763,402,29.4,3.21,0.37,0.69,0.41,1.47,2026.9,1.03,1077.3,0.53,17.8,33.4,0.21,0.2,0.28,0.38,0.4,0.48,0.4,25.02,0.571,0.812,2.582,0.4095,0.0821,0.0894,0.2122,0.0258,0.9113,5.0164,5.4612,12.9657,1.574,0.0821,0.0894,0.2122,0.0258,0.4095,0.2824,0.3075,0.73,0.0886,1.4086,4.2845,3.219,403.36,303.05
15,8887,125,9603,919,439,42.6,2.71,2.01,1.47,1.62,5.1,1997.4,1.08,924.3,0.46,16.9,36.5,0.3,0.31,0.42,0.34,0.18,0.86,0.4,23.12,0.562,0.789,2.445,0.4278,0.107,0.0856,0.2114,0.0237,0.9521,5.7836,4.6273,11.4259,1.2825,0.107,0.0856,0.2114,0.0237,0.4278,0.3682,0.2946,0.7273,0.0816,1.4717,4.5453,3.4683,403.93,308.22
16,9549,206,9980,795,386,37.4,2.7,0.87,0.49,1.16,2.52,1808.2,1.05,870.1,0.48,16,33.4,0.3,0.23,0.31,0.51,0.53,0.22,#N/A,23.15,0.548,0.786,2.4467,0.436,0.1069,0.0922,0.212,0.0248,0.9702,5.6788,4.8952,11.2606,1.3164,0.1069,0.0922,0.212,0.0248,0.436,0.3679,0.3171,0.7294,0.0853,1.4997,4.3482,3.3239,415.19,317.38
17,9811,249,10712,787,367,73.9,2.08,1.85,0.06,4.68,6.59,1545.7,1.09,657.4,0.43,15,35.4,0.46,0.42,0.62,0.44,0.4,0.67,#N/A,21.84,0.520,0.748,2.3394,0.4646,0.1383,0.0924,0.2111,0.0229,1.0341,6.4999,4.3414,9.9204,1.0758,0.1383,0.0924,0.2111,0.0229,0.4646,0.4758,0.3178,0.7261,0.0787,1.5984,4.5527,3.6029,446.65,353.46
18,11323,474,11899,782,365,35.9,2.87,1.79,0.01,0.93,2.73,1817,1.05,896.8,0.49,18.2,36.8,0.22,0.38,0.33,0.34,0.39,0.34,0.43,25,0.576,0.804,2.5833,0.4089,0.0933,0.0836,0.2108,0.0212,0.91,5.7026,5.1092,12.8883,1.2986,0.0933,0.0836,0.2108,0.0212,0.4089,0.3209,0.2875,0.7252,0.0731,1.4066,4.2878,3.4924,485.51,395.45
19,10703,150,10889,704,387,28.4,3.5,-0.19,0.54,0.27,0.62,1990.9,1.02,1082.9,0.54,20.5,37.7,0.14,0.14,0.27,0.37,0.2,0.57,#N/A,27.66,0.606,0.830,2.7866,0.3786,0.0672,0.0777,0.2091,0.0245,0.8425,4.9113,5.6791,15.2776,1.7931,0.0672,0.0777,0.2091,0.0245,0.3786,0.2312,0.2674,0.7192,0.0844,1.3022,4.0559,3.4286,434.09,366.95
20,8320,228,9162,930,379,35.2,3.21,3.51,0.38,1.16,5.05,2127.6,1.1,985,0.46,14.8,31.9,0.21,0.36,0.26,0.43,0.32,0.15,0.22,21.29,0.517,0.763,2.3026,0.4697,0.1183,0.102,0.2136,0.0358,1.0453,5.36,4.6252,9.6804,1.6231,0.1183,0.102,0.2136,0.0358,0.4697,0.4068,0.351,0.7347,0.1232,1.6158,4.8429,3.2651,402.93,271.66
21,11526,224,11448,837,397,21.7,4,0.95,0.76,-0.25,1.45,2322.1,0.99,1223.1,0.53,20.9,39.6,0.1,0.05,0.17,0.29,0.34,0.33,0.26,28.46,0.620,0.831,2.8389,0.3695,0.0634,0.0713,0.2089,0.0259,0.8223,4.8851,5.4886,16.0926,1.9952,0.0634,0.0713,0.2089,0.0259,0.3695,0.2182,0.2451,0.7187,0.0891,1.2711,4.0257,3.1647,464,364.77
22,6303,217,6746,765,409,23.1,3.51,0.63,1.66,-0.26,2.03,2085.4,1.07,1071.7,0.51,12.9,25.1,0.15,0.22,0.15,0.26,0.35,0.32,0.19,20.33,0.481,0.762,2.2371,0.5073,0.1144,0.1281,0.2175,0.0474,1.1291,4.5849,5.1318,8.715,1.9004,0.1144,0.1281,0.2175,0.0474,0.5073,0.3936,0.4405,0.7481,0.1631,1.7453,4.5509,3.3283,286.84,209.78
23,10405,177,10733,814,389,34.4,3.32,1.39,0.45,0.76,2.61,2045.3,1.03,1081.8,0.53,19.3,36.5,0.07,0.26,0.38,0.53,0.5,1,0.5,26.21,0.594,0.824,2.6667,0.3896,0.079,0.0816,0.2102,0.0189,0.867,5.3113,5.4861,14.1396,1.2699,0.079,0.0816,0.2102,0.0189,0.3896,0.2716,0.2805,0.723,0.0649,1.3401,4.189,3.4,435.85,353.75
24,8281,141,8613,828,410,25.9,3.56,0.78,1,0.09,1.86,2172.1,1.04,1130,0.52,16.5,31.8,0.28,0.07,0.2,0.16,0.21,0.22,0.43,23.59,0.554,0.802,2.4779,0.4265,0.0888,0.0952,0.2126,0.0299,0.9492,4.9121,5.2648,11.7589,1.6532,0.0888,0.0952,0.2126,0.0299,0.4265,0.3055,0.3275,0.7314,0.1028,1.4671,4.3523,3.2523,360.42,269.33
25,8595,356,8420,807,411,240.9,2.78,2.5,0.82,21.09,24.41,1832.3,0.98,861.4,0.47,13.5,28.8,0.94,0.79,0.81,0.82,0.93,0.81,0.73,21.74,0.523,0.768,2.3422,0.464,0.1187,0.1003,0.2138,0.0312,1.0326,5.5617,4.6989,10.0178,1.4613,0.1187,0.1003,0.2138,0.0312,0.464,0.4084,0.345,0.7355,0.1073,1.5962,3.8755,3.2286,333.08,277.48
26,9440,301,10384,800,371,42.9,2.23,1.7,0.12,1.69,3.51,1595.3,1.1,653.4,0.41,15.7,38.3,0.46,0.21,0.25,0.27,0.27,0.59,0.55,22.17,0.532,0.747,2.3757,0.4559,0.1312,0.0851,0.2095,0.03,1.0146,6.381,4.1414,10.1911,1.461,0.1312,0.0851,0.2095,0.03,0.4559,0.4513,0.2929,0.7207,0.1033,1.5682,4.8884,3.1779,461.45,299.99
27,9218,402,9615,741,393,37.2,3.26,0.43,0.68,1.14,2.25,1968.8,1.04,1079.5,0.55,17.9,32.7,0.17,0.22,0.26,0.44,0.54,0.86,0.55,24.94,0.567,0.816,2.57,0.4095,0.083,0.0931,0.2123,0.0212,0.9114,5.0535,5.6697,12.9271,1.29,0.083,0.0931,0.2123,0.0212,0.4095,0.2855,0.3203,0.7302,0.0729,1.4088,4.2109,3.5143,388.15,323.94
28,10418,142,11426,776,392,52,2.92,0.29,0.63,2.38,3.3,1865.3,1.1,933.4,0.5,19.6,39.3,0.75,0.14,0.32,0.34,0.48,0.29,0.36,25.56,0.585,0.810,2.6275,0.4014,0.0871,0.0813,0.2104,0.0226,0.8932,5.5473,5.174,13.3979,1.4371,0.0871,0.0813,0.2104,0.0226,0.4014,0.2997,0.2795,0.7238,0.0776,1.3807,4.6695,3.4802,486.49,362.59
29,11283,129,11650,767,408,30.6,3.03,0.33,1.04,0.47,1.84,1954.1,1.03,1006.3,0.51,19.3,37.4,0.35,0.35,0.15,0.09,0.32,0.1,0.33,26.5,0.592,0.815,2.691,0.3944,0.0791,0.08,0.2113,0.0239,0.8776,5.3134,5.3768,14.2003,1.6085,0.0791,0.08,0.2113,0.0239,0.3944,0.272,0.2753,0.727,0.0823,1.3566,4.2306,3.3475,477.33,377.69
30,13070,315,13987,708,400,31.9,3.27,-0.49,0.65,0.47,0.63,1993.9,1.07,1119.2,0.56,26.4,47.1,0.11,0.21,0.28,0.53,0.55,0.57,0.5,32.06,0.656,0.858,3.1138,0.3448,0.0549,0.0646,0.2088,0.0164,0.7673,5.1078,6.0105,19.4131,1.5272,0.0549,0.0646,0.2088,0.0164,0.3448,0.189,0.2224,0.7182,0.0565,1.1861,4.4005,3.5637,575.13,465.76
31,8222,148,8810,813,378,29.3,3.64,1.15,0.35,0.45,1.95,2155.5,1.07,1136.1,0.53,17,32.3,0.09,0.32,0.19,0.26,0.46,0.48,0.22,23.58,0.552,0.803,2.4752,0.4256,0.0882,0.0967,0.2119,0.0289,0.9473,4.8845,5.3551,11.741,1.5992,0.0882,0.0967,0.2119,0.0289,0.4256,0.3033,0.3325,0.7291,0.0993,1.4642,4.4969,3.4286,369.73,281.9
32,10392,120,10507,736,383,18.8,3,0.07,0.38,-0.51,-0.06,1841.5,1.01,945.9,0.51,18.6,36.3,0.18,0.08,0.2,0.29,0.29,0.46,#N/A,26.15,0.585,0.809,2.6604,0.395,0.0823,0.0808,0.2092,0.0227,0.8791,5.4442,5.3513,13.8493,1.5013,0.0823,0.0808,0.2092,0.0227,0.395,0.2829,0.2781,0.7198,0.078,1.3589,4.0231,3.3987,418.1,353.21
33,12488,178,12834,760,377,40.7,2.81,0.48,0.23,1.13,1.83,1789.4,1.03,918.1,0.51,20.8,40.6,0.14,0.36,0.35,0.44,0.57,0.29,0.67,27.76,0.614,0.829,2.7888,0.3763,0.0789,0.0731,0.2094,0.0149,0.8374,5.8188,5.3913,15.4486,1.0978,0.0789,0.0731,0.2094,0.0149,0.3763,0.2713,0.2514,0.7204,0.0512,1.2944,4.1419,3.4258,517.23,427.81
34,5795,186,5941,754,367,28.7,3.63,0.5,0.05,0.56,1.12,2067.5,1.03,1139.1,0.55,10.8,19.6,0.2,0.21,0.08,0.24,0.42,0.67,0.5,19.04,0.442,0.763,2.1258,0.5524,0.1307,0.1612,0.2221,0.0383,1.2293,4.5052,5.5577,7.6569,1.3219,0.1307,0.1612,0.2221,0.0383,0.5524,0.4496,0.5546,0.7641,0.1319,1.9001,4.005,3.6082,232.11,209.11
35,9270,944,10348,747,379,31.8,3.05,1.69,0.37,0.66,2.72,1887.4,1.12,947.7,0.5,19.1,38,0.16,0.2,0.27,0.39,0.6,0.53,1,24.87,0.566,0.796,2.5701,0.4119,0.0877,0.0856,0.2098,0.0288,0.9167,5.2941,5.1711,12.6705,1.7384,0.0877,0.0856,0.2098,0.0288,0.4119,0.3016,0.2946,0.7218,0.099,1.4169,4.7247,3.6453,437.98,337.92
36,7299,178,7534,762,436,41.9,2.56,0.9,1.69,2.15,4.74,1780,1.03,858.7,0.48,11.8,24.5,0.33,0.32,0.25,0.23,0.33,0.29,0.25,19.77,0.474,0.748,2.1952,0.5243,0.1408,0.1271,0.219,0.0374,1.1669,5.3091,4.7911,8.2594,1.4112,0.1408,0.1271,0.219,0.0374,0.5243,0.4844,0.4371,0.7535,0.1288,1.8038,4.1555,3.4604,303.33,252.58
37,11330,194,11657,760,374,16.9,3.76,0.28,0.27,-0.66,-0.11,2143.6,1.03,1184.3,0.55,20.7,37.5,0.11,0.06,0.13,0.23,0.16,0.18,0.12,27.64,0.608,0.836,2.7808,0.3775,0.0663,0.0788,0.2101,0.0222,0.8401,4.8534,5.7727,15.3828,1.6275,0.0663,0.0788,0.2101,0.0222,0.3775,0.228,0.2712,0.7228,0.0765,1.2985,4.1535,3.4212,470.61,387.63
38,5057,89,5400,937,465,37.2,3.71,1.45,2.36,1.85,5.65,2363.5,1.07,1218.1,0.52,11.2,21.7,0.17,0.19,0.24,0.35,0.29,#N/A,0.27,18.62,0.453,0.756,2.0974,0.5468,0.1369,0.1484,0.2213,0.0403,1.2168,4.661,5.0522,7.5342,1.3711,0.1369,0.1484,0.2213,0.0403,0.5468,0.4708,0.5104,0.7611,0.1385,1.8808,4.3515,3.6128,220.04,182.69
39,7013,93,7416,895,416,36.9,3.74,2.66,0.97,1.52,5.14,2360.1,1.06,1262.7,0.54,13.4,25,0.26,0.18,0.4,0.22,0.5,0.33,0.32,20.68,0.499,0.786,2.2529,0.4868,0.1094,0.126,0.2189,0.0325,1.0834,4.6494,5.3522,9.3022,1.3798,0.1094,0.126,0.2189,0.0325,0.4868,0.3764,0.4334,0.7532,0.1117,1.6747,4.4301,3.3526,310.68,235.12
40,7647,110,7854,907,378,18.1,3.94,1.16,0.37,-0.87,0.65,2376.1,1.03,1220,0.51,12.6,24.6,0.23,0.05,0.13,0,0.18,0.13,0.25,20.4,0.491,0.771,2.2345,0.498,0.1133,0.1253,0.2184,0.041,1.1082,4.641,5.131,8.948,1.6796,0.1133,0.1253,0.2184,0.041,0.498,0.3897,0.4309,0.7514,0.141,1.713,4.2859,3.1903,327.74,243.96
41,10911,126,11128,770,387,27.1,4.16,0.63,0.52,0.17,1.31,2325.1,1.02,1325.1,0.57,21.3,37.4,0.05,0.16,0.14,0.4,0.67,0.55,0.86,28.4,0.615,0.843,2.8322,0.3703,0.0595,0.0778,0.2102,0.0228,0.8242,4.5623,5.9681,16.1217,1.7472,0.0595,0.0778,0.2102,0.0228,0.3703,0.2047,0.2677,0.7232,0.0784,1.274,4.2161,3.2067,460.03,349.89
42,8352,433,8579,928,377,30.9,3.9,3.92,0.32,0.65,4.89,2368.1,1.03,1210.4,0.51,14.4,28.1,0.17,0.15,0.25,0.29,0.37,0.42,0.71,21.82,0.525,0.788,2.3409,0.4573,0.1016,0.1075,0.215,0.0333,1.0178,4.8475,5.1321,10.2575,1.5867,0.1016,0.1075,0.215,0.0333,0.4573,0.3494,0.37,0.7394,0.1144,1.5732,4.2241,3.289,352.78,274.68
43,11830,218,11645,909,399,29.4,2.59,3.39,0.89,0.33,4.61,1919.4,0.98,865,0.45,16.8,37.4,0.15,0.3,0.39,0.31,0.56,0,#N/A,24.59,0.585,0.797,2.5567,0.4088,0.1008,0.0761,0.2105,0.0215,0.9099,6.0607,4.5747,12.659,1.2906,0.1008,0.0761,0.2105,0.0215,0.4088,0.3467,0.2617,0.7242,0.0738,1.4064,3.9292,3.2033,464.82,378.94
44,8295,294,7983,844,377,22.5,3.62,2.97,0.43,-0.26,3.13,2194.4,0.96,1156.3,0.53,13.4,25.5,0.13,0.15,0.15,0.3,0.38,0.61,0.67,21.86,0.521,0.791,2.3431,0.4596,0.1018,0.1118,0.2155,0.0305,1.0228,4.8408,5.3201,10.2521,1.4512,0.1018,0.1118,0.2155,0.0305,0.4596,0.35,0.3847,0.7413,0.1049,1.581,3.709,3.267,307.67,271.01
45,7173,76,7370,823,377,13.3,4.63,0.58,0.35,-1.41,-0.49,2490.8,1.03,1417.8,0.57,14.4,25.4,0,0.06,0.06,0.18,0.22,0.33,0.13,22.05,0.517,0.803,2.3533,0.4584,0.0873,0.1201,0.2168,0.0343,1.0202,4.1973,5.7761,10.4306,1.6493,0.0873,0.1201,0.2168,0.0343,0.4584,0.3001,0.413,0.7459,0.1179,1.577,4.2677,3.2238,306.12,231.24
46,7110,224,7077,861,375,18.1,4.05,2.34,0.27,-0.86,1.75,2357,1,1231.6,0.52,12.5,23.9,0.17,0.06,0.16,0.2,0.16,0.13,0.33,20.76,0.491,0.770,2.2555,0.4911,0.107,0.124,0.2174,0.0428,1.0931,4.5216,5.2418,9.1913,1.8082,0.107,0.124,0.2174,0.0428,0.4911,0.3679,0.4265,0.7479,0.1471,1.6895,4.0349,3.1793,286.87,226.03
47,12179,236,12693,710,399,34.5,2.78,-0.35,0.66,0.69,1.01,1787.8,1.04,918.8,0.51,22.2,43.3,0.17,0.33,0.27,0.45,0.6,0.91,0.67,28.8,0.625,0.831,2.8775,0.3691,0.0712,0.0691,0.2087,0.0202,0.8215,5.5512,5.3873,16.285,1.5745,0.0712,0.0691,0.2087,0.0202,0.3691,0.2448,0.2375,0.7181,0.0694,1.2698,4.1969,3.5256,511.14,429.37
48,5398,83,6507,749,430,28.9,2.58,0.22,1.01,0.64,1.86,1764.3,1.21,882.9,0.5,12.5,25,0.31,0.16,0.24,0.4,0.44,0,0,18.81,0.445,0.742,2.1162,0.5572,0.1544,0.1473,0.2209,0.0346,1.24,5.2122,4.9709,7.4573,1.1663,0.1544,0.1473,0.2209,0.0346,0.5572,0.5312,0.5066,0.76,0.1189,1.9166,5.4184,3.6962,292.5,199.53
49,6900,111,7004,866,382,21.3,3.79,1.49,0.52,-0.52,1.48,2285.2,1.02,1192.2,0.52,11.1,21.3,0.12,0.13,0.07,0.27,0.25,0.12,0.32,19.3,0.461,0.761,2.1513,0.5366,0.127,0.1446,0.2217,0.0433,1.1942,4.5686,5.2001,7.9762,1.5588,0.127,0.1446,0.2217,0.0433,0.5366,0.4369,0.4973,0.7627,0.1491,1.8459,4.2175,3.1432,291,216.88
50,10339,288,10531,911,408,38.6,2.54,3.61,0.91,1.12,5.64,1888.9,1.02,836,0.44,16,36.2,0.34,0.21,0.24,0.33,0.53,0.67,0.4,23.26,0.564,0.783,2.4559,0.4273,0.1117,0.0817,0.2109,0.0231,0.9511,6.0796,4.4485,11.4769,1.2546,0.1117,0.0817,0.2109,0.0231,0.4273,0.3842,0.2812,0.7254,0.0793,1.4701,4.17,3.2633,431.14,337.39
51,7330,184,8109,750,398,16.2,3.76,0.29,0.69,-1.04,-0.06,2182,1.11,1203.2,0.55,16.7,30.3,0.04,0.13,0.17,0.2,0.21,0.26,0.11,23.03,0.535,0.803,2.4358,0.4413,0.0859,0.1074,0.2146,0.0334,0.9821,4.486,5.6036,11.1994,1.7443,0.0859,0.1074,0.2146,0.0334,0.4413,0.2957,0.3693,0.7381,0.115,1.518,4.8647,3.2964,356.57,241.62
52,12467,749,12086,751,378,45.2,2.54,1.17,0.27,1.45,2.89,1698.6,0.97,810.3,0.48,17.9,37.5,0.31,0.4,0.34,0.4,0.52,0.5,0.4,26.11,0.593,0.806,2.673,0.3958,0.0904,0.075,0.2094,0.0212,0.8809,5.9608,4.9457,13.8106,1.3954,0.0904,0.075,0.2094,0.0212,0.3958,0.3108,0.2579,0.7202,0.0728,1.3617,3.6942,3.3819,460.56,421.63
53,10500,447,11122,752,376,22.8,3.41,0.74,0.25,-0.18,0.82,2007.5,1.06,1105.7,0.55,20.9,37.9,0.08,0.15,0.28,0.32,0.34,0.4,0.6,27.16,0.602,0.833,2.739,0.3805,0.0718,0.0806,0.2097,0.0183,0.8468,5.1227,5.7555,14.9708,1.3089,0.0718,0.0806,0.2097,0.0183,0.3805,0.2469,0.2774,0.7215,0.0631,1.3089,4.3434,3.5132,456.05,368.89
54,8904,78,9065,1055,398,29.7,3.4,1.47,0.73,0.46,2.66,2292.8,1.02,1037.7,0.45,14.1,31.1,0.26,0.22,0.13,0.18,0.26,0.5,0.22,21.42,0.532,0.771,2.3108,0.4573,0.1183,0.0957,0.2129,0.0304,1.0178,5.5419,4.4837,9.972,1.4215,0.1183,0.0957,0.2129,0.0304,0.4573,0.407,0.3293,0.7324,0.1044,1.5732,4.1744,3.2499,371.68,289.36
55,10665,263,10876,869,392,22.4,4.14,2.19,0.66,-0.21,2.64,2440.9,1.02,1357.6,0.56,20.3,36.4,0.11,0.1,0.21,0.23,0.25,0.44,0.43,27.28,0.607,0.838,2.7452,0.3778,0.0658,0.0801,0.2107,0.0213,0.8409,4.7507,5.7844,15.2135,1.5361,0.0658,0.0801,0.2107,0.0213,0.3778,0.2263,0.2756,0.7247,0.0732,1.2998,4.1663,3.2846,444.36,350.32
56,10199,184,9714,856,403,22.8,3.75,1.56,0.98,-0.2,2.34,2326.8,0.95,1227.7,0.53,15.9,30,0.13,0.17,0.26,0.18,0.22,0.58,0.17,24.34,0.568,0.812,2.5363,0.417,0.0814,0.092,0.2133,0.0302,0.928,4.7513,5.3708,12.4503,1.7645,0.0814,0.092,0.2133,0.0302,0.417,0.28,0.3165,0.7338,0.104,1.4344,3.6252,3.2725,369.75,333.77
57,9578,113,9912,824,426,24.6,4,0.52,1.41,-0.04,1.89,2378.5,1.03,1345.8,0.57,20.8,36.7,0.1,0.11,0.42,0.04,0.36,0.43,0.18,27.5,0.607,0.839,2.7593,0.3763,0.064,0.0805,0.2106,0.0211,0.8374,4.6779,5.884,15.3937,1.5457,0.064,0.0805,0.2106,0.0211,0.3763,0.2202,0.2769,0.7245,0.0728,1.2944,4.2665,3.3208,408.65,318.07
58,8406,110,10138,855,397,23.5,3.73,1.01,0.76,-0.15,1.62,2238.8,1.21,1134.7,0.51,21.2,41.8,0.1,0.19,0.21,0.36,0.18,0.4,0.4,24.98,0.579,0.809,2.587,0.4031,0.0801,0.0832,0.2092,0.0305,0.897,4.9649,5.1574,12.9678,1.8921,0.0801,0.0832,0.2092,0.0305,0.4031,0.2756,0.2862,0.7197,0.105,1.3865,5.364,3.7908,450.9,318.66
59,9029,236,9503,812,399,25.3,3.98,1.47,1.17,0.03,2.67,2360.1,1.05,1313.7,0.56,18.5,33.2,0.14,0.13,0.19,0.29,0.33,0.53,0.55,25.16,0.576,0.824,2.593,0.4043,0.0729,0.0919,0.2122,0.0273,0.8998,4.5369,5.7194,13.2045,1.6961,0.0729,0.0919,0.2122,0.0273,0.4043,0.2508,0.3162,0.73,0.0938,1.3909,4.3559,3.4061,393.29,307.53
60,9754,366,10103,809,405,23.9,3.04,2.12,0.78,-0.1,2.8,1973.7,1.04,1029.8,0.52,17.8,34.1,0.18,0.09,0.31,0.33,0.48,0.33,0.55,24.94,0.573,0.810,2.5656,0.4083,0.0887,0.0881,0.2123,0.0192,0.9088,5.4184,5.3798,12.968,1.172,0.0887,0.0881,0.2123,0.0192,0.4083,0.3052,0.303,0.7304,0.066,1.4047,4.3197,3.2489,421.32,316.88
61,9807,170,10667,810,374,26.9,3.18,0.88,0.22,0.17,1.26,1975.8,1.09,1031.6,0.52,19.3,37,0.19,0.13,0.16,0.25,0.4,0.46,0.4,25.33,0.579,0.814,2.5969,0.4002,0.0859,0.0855,0.2103,0.0184,0.8906,5.4385,5.4132,13.3152,1.1667,0.0859,0.0855,0.2103,0.0184,0.4002,0.2955,0.2941,0.7235,0.0634,1.3766,4.5906,3.4897,450.18,342.22
62,10913,112,11209,776,381,32.2,3.03,0.4,0.4,0.59,1.39,1891.5,1.03,941.8,0.5,18.8,37.8,0.13,0.24,0.32,0.38,0.46,#N/A,0,26.02,0.586,0.806,2.654,0.3967,0.0841,0.0788,0.2096,0.0242,0.8829,5.5161,5.1697,13.7505,1.5885,0.0841,0.0788,0.2096,0.0242,0.3967,0.2892,0.2711,0.721,0.0833,1.3646,4.2116,3.3075,459.6,360.94
63,7185,294,7415,744,383,29.7,3.71,0.39,0.86,0.59,1.84,2144.4,1.03,1124.6,0.52,13.6,25.9,0.17,0.17,0.24,0.25,0.28,0.25,0.4,21.33,0.500,0.775,2.3152,0.4805,0.0996,0.1185,0.2156,0.0468,1.0694,4.4205,5.2603,9.5741,2.0799,0.0996,0.1185,0.2156,0.0468,0.4805,0.3425,0.4076,0.7418,0.1611,1.653,4.065,3.6022,292.08,258.83
64,7447,328,7812,872,369,51.5,2.81,5.73,0.15,3.16,9.04,1897.6,1.05,830.8,0.44,12.3,28,0.39,0.31,0.26,0.32,0.32,0.77,0.67,19.68,0.482,0.735,2.1902,0.513,0.1444,0.1128,0.2137,0.0421,1.1416,5.5407,4.3273,8.1988,1.614,0.1444,0.1128,0.2137,0.0421,0.513,0.4968,0.388,0.7351,0.1447,1.7647,4.3351,3.3931,322.85,252.69
65,11899,421,12288,744,377,30.6,3.49,0.38,0.32,0.43,1.13,2051.3,1.03,1094.7,0.53,22,41.3,0.12,0.16,0.32,0.39,0.5,0.43,0.5,28.74,0.623,0.836,2.8695,0.3678,0.0643,0.0716,0.2085,0.0235,0.8185,5.021,5.5911,16.2874,1.8362,0.0643,0.0716,0.2085,0.0235,0.3678,0.2211,0.2462,0.7171,0.0808,1.2652,4.1963,3.4038,499.31,405.02
66,6551,56,6512,940,428,50.6,2.48,1.85,1.03,3.66,6.54,1966.2,0.99,883.9,0.45,8.9,19.8,0.42,0.59,0.29,0.4,0.22,0.4,#N/A,17.21,0.422,0.714,1.9963,0.6114,0.1939,0.155,0.2238,0.0388,1.3607,5.4578,4.3624,6.2996,1.0912,0.1939,0.155,0.2238,0.0388,0.6114,0.667,0.5331,0.7698,0.1334,2.1033,4.051,3.1361,265.37,205.44
67,9757,282,10171,790,389,42.8,2.58,1.29,0.5,1.66,3.45,1762.4,1.04,825.6,0.47,15.8,33.8,0.47,0.25,0.21,0.33,0.42,0.31,0.46,23.01,0.546,0.780,2.4384,0.4395,0.1104,0.0909,0.2118,0.0265,0.9782,5.7761,4.7558,11.0857,1.3885,0.1104,0.0909,0.2118,0.0265,0.4395,0.3796,0.3126,0.7286,0.0913,1.512,4.2589,3.4307,415.54,334.73
68,12304,193,12235,789,423,42.9,2.32,0.65,1.34,1.2,3.2,1673.6,0.99,738,0.44,19.1,43.2,0.5,0.25,0.21,0.16,0.32,0.67,0.33,26.72,0.608,0.801,2.7221,0.3887,0.092,0.0659,0.2086,0.0221,0.865,6.3278,4.5338,14.3429,1.519,0.092,0.0659,0.2086,0.0221,0.3887,0.3166,0.2268,0.7176,0.076,1.3371,3.9833,3.2469,490.12,399.51
69,12085,369,12691,769,384,33,3.25,0.97,0.41,0.59,1.97,1994.9,1.05,1066.6,0.53,22.6,42.3,0.19,0.24,0.23,0.41,0.44,0.46,1,28.97,0.626,0.839,2.8776,0.3652,0.0672,0.071,0.209,0.018,0.8128,5.3281,5.6327,16.5799,1.4251,0.0672,0.071,0.209,0.018,0.3652,0.2311,0.2443,0.7191,0.0618,1.2563,4.3665,3.3594,527.69,405.98
70,10105,173,11176,764,455,27.4,2.74,0.4,1.43,0.19,2.02,1899,1.11,1005.5,0.53,22,41.5,0.1,0.27,0.29,0.3,0.24,0.29,#N/A,27.37,0.612,0.833,2.7635,0.3803,0.0762,0.0763,0.2113,0.0166,0.8463,5.4818,5.4901,15.2057,1.1937,0.0762,0.0763,0.2113,0.0166,0.3803,0.262,0.2624,0.7267,0.0571,1.3082,4.7204,3.5192,477.01,355.62
71,11143,240,11079,893,385,29,4.21,2.06,0.48,0.31,2.85,2474.7,0.99,1326.4,0.54,19.6,36.7,0.14,0.14,0.19,0.31,0.36,0.34,0.7,27.13,0.608,0.832,2.7399,0.3793,0.0667,0.0775,0.2099,0.0252,0.8442,4.7729,5.5418,15.017,1.8014,0.0667,0.0775,0.2099,0.0252,0.3793,0.2295,0.2665,0.7222,0.0866,1.3049,3.9509,3.2957,440.27,367.25
72,10412,246,11083,823,383,28.8,3.09,1.82,0.42,0.32,2.57,1990.4,1.06,995.4,0.5,19.3,38.5,0.14,0.3,0.24,0.42,0.71,0.35,#N/A,25.7,0.586,0.809,2.6298,0.3973,0.0847,0.0798,0.2098,0.0231,0.8843,5.4751,5.1634,13.5648,1.4925,0.0847,0.0798,0.2098,0.0231,0.3973,0.2912,0.2747,0.7216,0.0794,1.3669,4.4632,3.3914,464.71,353.12
73,10504,275,10307,777,374,40.6,3.12,1.34,0.19,1.3,2.83,1922.2,0.98,992,0.52,16.9,32.7,0.24,0.25,0.46,0.46,0.58,0.86,0.5,24.99,0.571,0.806,2.5732,0.4088,0.088,0.0872,0.2113,0.0223,0.9098,5.3813,5.3303,12.9133,1.3627,0.088,0.0872,0.2113,0.0223,0.4088,0.3028,0.3,0.7267,0.0767,1.4062,3.829,3.3218,402.18,348.91
74,9933,245,9767,727,398,36.9,3.07,-0.05,0.73,1.03,1.71,1873.1,0.98,968.7,0.52,16.8,32.6,0.27,0.27,0.25,0.33,0.38,0.34,0.6,25.04,0.567,0.802,2.581,0.4122,0.0861,0.0877,0.2117,0.0267,0.9174,5.2321,5.3303,12.8621,1.6204,0.0861,0.0877,0.2117,0.0267,0.4122,0.2963,0.3018,0.7283,0.0918,1.4181,3.873,3.2786,384.7,325.65
75,10246,453,10218,746,401,30.4,3.25,0.58,0.73,0.46,1.76,2013.6,1,1086.9,0.54,18.3,33.9,0.1,0.2,0.3,0.44,0.72,0.75,0.67,26.06,0.586,0.821,2.6606,0.3969,0.0764,0.0851,0.2119,0.0236,0.8834,5.0159,5.5843,13.912,1.55,0.0764,0.0851,0.2119,0.0236,0.3969,0.2628,0.2926,0.7289,0.0812,1.3655,4.0885,3.1177,418.91,319.44
76,9392,64,9588,751,415,31.5,4.47,0.1,0.75,0.55,1.4,2386.6,1.02,1418.4,0.59,20.7,34.9,0.05,0.24,0,0.3,0.67,0.75,0.4,27.72,0.607,0.847,2.7801,0.3748,0.0585,0.0838,0.2108,0.0216,0.8341,4.331,6.1984,15.5946,1.5995,0.0585,0.0838,0.2108,0.0216,0.3748,0.2014,0.2882,0.7252,0.0744,1.2892,4.118,3.3756,386.74,317.02
77,12104,113,13051,774,387,44.5,3.29,0.35,0.59,1.42,2.36,2028.2,1.08,1078.3,0.53,24.3,45.7,0.27,0.35,0.32,0.31,0.55,0.67,0,29.85,0.638,0.843,2.948,0.358,0.0636,0.0673,0.2085,0.0186,0.7967,5.3032,5.6126,17.386,1.5524,0.0636,0.0673,0.2085,0.0186,0.358,0.2188,0.2315,0.7172,0.064,1.2315,4.6749,3.2337,565.86,391.42
78,9360,109,8630,741,418,32.8,2.81,0.14,0.85,0.68,1.67,1848.3,0.92,934.6,0.51,14.5,28.6,0.25,0.26,0.27,0.37,0.29,0.67,0.5,23.54,0.551,0.794,2.4795,0.4319,0.0966,0.0938,0.2128,0.0287,0.9613,5.2656,5.1127,11.5953,1.5631,0.0966,0.0938,0.2128,0.0287,0.4319,0.3324,0.3228,0.732,0.0987,1.4859,3.3144,3.3712,310.23,315.54
79,13653,287,13928,712,372,26.5,3.51,-0.28,0.16,0.1,-0.02,2002.1,1.02,1083.5,0.54,25.1,46.4,0.12,0.16,0.3,0.35,0.26,0.4,0.3,31.81,0.654,0.852,3.1023,0.345,0.0552,0.0625,0.207,0.0203,0.7678,5.0898,5.7602,19.0884,1.874,0.0552,0.0625,0.207,0.0203,0.345,0.1899,0.2149,0.7121,0.0699,1.1868,4.0694,3.4418,555.61,469.92
80,13040,427,13565,834,392,42.2,2.97,3.93,0.7,1.21,5.84,1962,1.04,974.3,0.5,21.8,43.8,0.27,0.32,0.33,0.44,0.63,0.56,0.48,28.28,0.626,0.830,2.8323,0.3706,0.0752,0.0681,0.2091,0.0182,0.8247,5.7382,5.1967,15.9575,1.3873,0.0752,0.0681,0.2091,0.0182,0.3706,0.2587,0.2342,0.7193,0.0625,1.2747,4.1579,3.5624,542.17,464.52
81,10426,220,10689,776,396,39.8,2.98,1.04,0.66,1.23,2.92,1919,1.03,1001.4,0.52,18.5,35.5,0.21,0.29,0.38,0.49,0.49,0.57,0.67,25.69,0.586,0.818,2.6333,0.3982,0.0838,0.0836,0.2111,0.0197,0.8863,5.4079,5.393,13.6145,1.2701,0.0838,0.0836,0.2111,0.0197,0.3982,0.2884,0.2876,0.7261,0.0677,1.37,4.1574,3.369,433.46,351.26
82,9796,63,10187,801,385,86.2,2.65,0.37,0.5,5.85,6.72,1812.5,1.04,867.9,0.48,15.5,32.4,0.76,0.48,0.53,0.32,0.6,0.46,0.67,22.8,0.542,0.783,2.4205,0.4435,0.1104,0.0947,0.2129,0.0255,0.987,5.673,4.8676,10.9431,1.3131,0.1104,0.0947,0.2129,0.0255,0.4435,0.3796,0.3257,0.7323,0.0879,1.5256,4.2865,3.3545,419.9,328.6
83,10951,261,11194,797,414,51,2.17,1.24,1.07,2.14,4.45,1641.3,1.02,713.8,0.43,16.1,37,0.55,0.38,0.31,0.42,0.23,0.22,0.22,23.65,0.559,0.772,2.4839,0.4311,0.115,0.0806,0.2112,0.0243,0.9595,6.3088,4.4227,11.583,1.333,0.115,0.0806,0.2112,0.0243,0.4311,0.3957,0.2774,0.7265,0.0836,1.4832,4.1524,3.3376,454.73,365.5
84,9784,292,9870,810,396,25.7,3.71,1.91,0.78,0.06,2.75,2227.6,1.01,1200.2,0.54,17.8,33.1,0.09,0.14,0.25,0.33,0.51,0.46,0.48,25.25,0.579,0.820,2.6026,0.4032,0.0766,0.0883,0.2117,0.0267,0.8974,4.7944,5.5279,13.2529,1.6709,0.0766,0.0883,0.2117,0.0267,0.4032,0.2634,0.3037,0.7281,0.0918,1.3871,4.0111,3.3874,392.47,331.44
85,9296,108,10104,785,420,19.6,3.75,0.32,1.23,-0.49,1.06,2235.6,1.09,1246.8,0.56,21,37.6,0.15,0.09,0.17,0.16,0.2,0.5,0.26,26.76,0.600,0.835,2.7151,0.3851,0.0681,0.0831,0.211,0.0228,0.857,4.733,5.7748,14.6663,1.5877,0.0681,0.0831,0.211,0.0228,0.3851,0.2343,0.2858,0.726,0.0786,1.3247,4.6918,3.3191,436.15,308.54
86,9079,201,9407,847,416,67.1,2.66,1.88,1.22,3.84,6.94,1897.2,1.04,958.1,0.5,16,31.7,0.53,0.42,0.45,0.48,0.67,0.86,0.57,23.09,0.553,0.800,2.4321,0.431,0.1067,0.0957,0.2134,0.0151,0.9592,5.7176,5.1284,11.4354,0.8085,0.1067,0.0957,0.2134,0.0151,0.431,0.3671,0.3293,0.7343,0.0519,1.4826,4.1664,3.4953,378.25,317.33
87,9859,177,10512,784,408,18.8,3.79,0.48,0.93,-0.56,0.85,2240.3,1.07,1213.2,0.54,20.2,37.2,0.27,0.13,0.16,0.18,0.22,0.33,0.31,26.48,0.595,0.827,2.6991,0.3908,0.0693,0.0825,0.2112,0.0277,0.8696,4.6985,5.5889,14.3156,1.8781,0.0693,0.0825,0.2112,0.0277,0.3908,0.2385,0.2837,0.7267,0.0953,1.3442,4.5929,3.2095,452.81,316.42
88,9856,228,10021,783,390,27.4,3.25,0.98,0.61,0.21,1.8,1995.3,1.02,1025.9,0.51,17.4,33.9,0.19,0.15,0.3,0.28,0.36,0.53,0.24,24.87,0.571,0.806,2.5711,0.4109,0.0858,0.0872,0.2115,0.0264,0.9144,5.1928,5.2799,12.8001,1.5955,0.0858,0.0872,0.2115,0.0264,0.4109,0.2951,0.3001,0.7275,0.0907,1.4133,4.1876,3.2126,412.72,316.63
89,7661,140,8559,845,364,28.6,3.3,1.65,-0.03,0.43,2.05,2029,1.12,1000.6,0.49,15.1,30.7,0.17,0.13,0.31,0.51,0.52,0.67,0.67,21.48,0.513,0.772,2.3135,0.4676,0.1135,0.1083,0.2137,0.0321,1.0407,5.2153,4.9732,9.8175,1.4748,0.1135,0.1083,0.2137,0.0321,0.4676,0.3905,0.3724,0.7352,0.1104,1.6086,4.8373,3.478,370.6,266.47
90,6780,203,6835,823,415,20.7,4.1,1.19,1.75,-0.54,2.4,2426.3,1.01,1314.1,0.54,13.3,24.5,0.19,0.11,0.12,0.18,0.15,0.24,0.4,21.32,0.502,0.782,2.3017,0.4782,0.0955,0.1219,0.2173,0.0435,1.0642,4.2578,5.4326,9.6901,1.9387,0.0955,0.1219,0.2173,0.0435,0.4782,0.3285,0.4192,0.7477,0.1496,1.645,4.0039,3.3901,271.48,229.86
91,10438,108,11201,787,447,36,3.1,0.4,1.73,0.83,2.97,1993.5,1.07,1040,0.52,22.6,43.4,0.32,0.2,0.25,0.49,0.32,0.29,0.46,28.55,0.624,0.833,2.8458,0.3689,0.07,0.0702,0.2095,0.0191,0.821,5.4168,5.4363,16.2175,1.4813,0.07,0.0702,0.2095,0.0191,0.3689,0.2407,0.2416,0.7208,0.0658,1.269,4.5965,3.291,479.79,343.52
92,9013,228,9141,893,392,16.9,3.5,3.18,0.94,-0.71,3.41,2207.6,1.01,1079.1,0.49,17.1,34.9,0.12,0.13,0.06,0.34,0.12,0.31,0.33,24.23,0.572,0.800,2.5301,0.411,0.0877,0.0835,0.2092,0.0305,0.9147,5.1727,4.9223,12.3358,1.7989,0.0877,0.0835,0.2092,0.0305,0.411,0.3018,0.2872,0.7198,0.105,1.4139,4.0519,3.394,365.2,305.9
93,11396,354,11759,740,386,31.3,2.48,0.27,0.6,0.48,1.35,1679.3,1.03,826.1,0.49,19.2,39,0.38,0.13,0.16,0.21,0.34,0.23,0.16,26.2,0.593,0.811,2.6744,0.394,0.0899,0.077,0.2096,0.0175,0.8769,5.9761,5.1191,13.9349,1.1652,0.0899,0.077,0.2096,0.0175,0.394,0.3092,0.2649,0.7211,0.0603,1.3555,4.216,3.3619,480.45,383.12
94,7487,240,8253,904,427,25.7,4.22,3.68,1.34,0.08,5.1,2513,1.1,1323.1,0.53,17.9,34,0.11,0.16,0.29,0.22,0.35,0.32,0.4,23.83,0.559,0.806,2.4934,0.4198,0.0807,0.0934,0.212,0.0337,0.9343,4.5811,5.2998,12.0376,1.9144,0.0807,0.0934,0.212,0.0337,0.4198,0.2776,0.3211,0.7294,0.116,1.4442,4.774,3.3863,357.44,253.53
95,7170,141,7455,933,396,20.6,4.39,1.2,1.06,-0.51,1.75,2593.6,1.04,1363.5,0.53,14.9,28.2,0.13,0.04,0.14,0.27,0.15,0.24,0.14,22.04,0.528,0.792,2.3588,0.4518,0.0913,0.1078,0.2143,0.0385,1.0055,4.4544,5.2551,10.4488,1.8767,0.0913,0.1078,0.2143,0.0385,0.4518,0.3142,0.3707,0.737,0.1324,1.5543,4.3421,3.2645,311.34,234.07
96,7303,330,7493,828,390,33.2,4.21,5.6,0.78,0.9,7.28,2432.5,1.03,1317.9,0.54,15.6,28.7,0.13,0.29,0.2,0.26,0.4,0.65,0.56,22.97,0.537,0.799,2.4279,0.4377,0.0831,0.1042,0.2132,0.0373,0.9742,4.3603,5.4663,11.186,1.9556,0.0831,0.1042,0.2132,0.0373,0.4377,0.2859,0.3584,0.7334,0.1282,1.5058,4.1993,3.3132,306.66,241.95
97,9679,337,9964,767,383,28.9,2.91,1.25,0.5,0.37,2.12,1871,1.03,952.2,0.51,16.3,32,0.19,0.21,0.32,0.29,0.49,0.37,0.25,23.65,0.552,0.797,2.4823,0.4297,0.0975,0.0946,0.2128,0.0247,0.9563,5.3691,5.2071,11.7167,1.361,0.0975,0.0946,0.2128,0.0247,0.4297,0.3355,0.3254,0.7322,0.085,1.4782,4.2026,3.3525,406.76,324.49
98,12418,253,12408,746,382,26.8,3.09,0.3,0.33,0.13,0.76,1895,1,1007.2,0.53,20.9,39.4,0.14,0.14,0.25,0.56,0.73,0.67,#N/A,28.49,0.618,0.833,2.8369,0.3706,0.0711,0.0729,0.2093,0.0173,0.8248,5.4649,5.6045,16.0926,1.3272,0.0711,0.0729,0.2093,0.0173,0.3706,0.2445,0.2508,0.7201,0.0594,1.2748,3.9051,3.4323,484.93,426.22
99,10674,423,11648,673,369,22.4,3.3,-2.2,0.1,-0.22,-2.32,1885.6,1.09,1027.3,0.54,22.4,41.1,0.11,0.23,0.22,0.32,0.34,0.43,0.56,28.09,0.607,0.830,2.8165,0.3757,0.0673,0.0766,0.2087,0.0231,0.836,5.0324,5.7272,15.609,1.7263,0.0673,0.0766,0.2087,0.0231,0.3757,0.2315,0.2634,0.718,0.0794,1.2923,4.6642,3.4188,497.86,364.92
100,8467,252,8987,905,410,30.7,3.16,3.73,1.35,0.57,5.64,2132.3,1.06,1070.2,0.5,16,31.9,0.11,0.26,0.31,0.33,0.38,0.4,0.67,22.77,0.545,0.793,2.4058,0.4368,0.1027,0.0974,0.2132,0.0236,0.972,5.3514,5.0748,11.1135,1.2281,0.1027,0.0974,0.2132,0.0236,0.4368,0.3532,0.3349,0.7334,0.081,1.5025,4.3924,3.4647,371.88,293.34
101,9697,170,9703,751,379,36.1,4.39,0.15,0.42,1.03,1.6,2363.1,1,1299.1,0.55,18,32.7,0.09,0.1,0.4,0.25,0.46,0.37,0.29,25.72,0.578,0.818,2.6419,0.402,0.0667,0.0885,0.2113,0.0355,0.8947,4.2693,5.6647,13.5147,2.2713,0.0667,0.0885,0.2113,0.0355,0.402,0.2296,0.3046,0.7267,0.1221,1.383,4.0915,3.1564,396.74,306.07
102,5886,69,5828,856,388,28.8,3.73,0.85,0.85,0.59,2.28,2293.6,0.99,1239.1,0.54,9.8,18.1,0.3,0.07,0,0.18,0.46,0.22,0.4,18.33,0.433,0.758,2.0742,0.5751,0.1392,0.1689,0.2249,0.0421,1.2798,4.4375,5.3837,7.17,1.3408,0.1392,0.1689,0.2249,0.0421,0.5751,0.4789,0.581,0.7737,0.1447,1.9782,3.9796,3.1977,234.26,188.23
103,10448,465,10743,829,377,25.7,3.47,3.09,0.38,0.07,3.53,2122.7,1.03,1098.3,0.52,17.5,33.8,0.24,0.16,0.19,0.21,0.33,0.55,0.42,24.7,0.571,0.810,2.5595,0.4115,0.085,0.0888,0.2116,0.0261,0.9158,5.0993,5.3266,12.7006,1.5687,0.085,0.0888,0.2116,0.0261,0.4115,0.2923,0.3053,0.728,0.0899,1.4155,4.1366,3.4409,432.18,359.5
104,13106,469,13419,718,394,30.9,3.29,-0.43,0.56,0.4,0.53,1984.8,1.02,1109.5,0.56,24.7,44.2,0.15,0.19,0.22,0.37,0.53,0.71,0.67,31.47,0.651,0.856,3.0676,0.3478,0.0571,0.066,0.2088,0.0159,0.774,5.1708,5.9687,18.8926,1.4392,0.0571,0.066,0.2088,0.0159,0.3478,0.1966,0.2269,0.7182,0.0547,1.1964,4.1602,3.3473,545.22,438.68
105,10269,220,10492,817,404,29,3.79,1.35,0.95,0.33,2.62,2264.6,1.02,1234.8,0.55,20,36.7,0.14,0.14,0.2,0.39,0.45,0.6,0.89,26.93,0.604,0.833,2.7281,0.3813,0.0685,0.0798,0.2099,0.0232,0.8486,4.8343,5.6356,14.8204,1.6352,0.0685,0.0798,0.2099,0.0232,0.3813,0.2355,0.2745,0.722,0.0797,1.3116,4.0047,3.5647,411.26,366.07
106,8886,154,9109,969,414,32.4,3.59,2.58,1.33,0.76,4.68,2391.3,1.03,1232.1,0.52,15,29.1,0.11,0.14,0.34,0.35,0.44,0.67,1,22.33,0.540,0.799,2.3778,0.4455,0.0999,0.1034,0.2158,0.0263,0.9914,5.0104,5.1862,10.818,1.3178,0.0999,0.1034,0.2158,0.0263,0.4455,0.3438,0.3559,0.7423,0.0904,1.5324,4.2064,3.29,373.76,292.34
107,11306,164,12302,792,397,31.5,2.17,1.15,0.49,0.49,2.12,1607.9,1.09,689.3,0.43,19.8,46.2,0.22,0.31,0.47,0.6,0.4,#N/A,#N/A,25.78,0.594,0.788,2.6455,0.3975,0.1011,0.0681,0.2074,0.0209,0.8847,6.5559,4.4154,13.4547,1.3573,0.1011,0.0681,0.2074,0.0209,0.3975,0.3477,0.2342,0.7136,0.072,1.3675,4.6794,3.3533,529.06,379.13
108,10417,389,11241,838,373,41.2,2.9,3.14,0.19,1.48,4.81,1904.4,1.08,906,0.48,17.6,37,0.32,0.32,0.2,0.34,0.39,0.43,0.43,24,0.565,0.793,2.5104,0.4213,0.0997,0.0853,0.2112,0.025,0.9375,5.6831,4.863,12.0354,1.4222,0.0997,0.0853,0.2112,0.025,0.4213,0.3431,0.2936,0.7266,0.0859,1.4492,4.6682,3.2549,486.3,339.07
109,12348,400,12781,758,388,30.1,3.71,0.67,0.49,0.36,1.52,2158.2,1.04,1191.6,0.55,24.3,43.9,0.18,0.2,0.2,0.31,0.22,0.4,0.46,30.65,0.645,0.852,3.0116,0.3516,0.0565,0.0668,0.2083,0.0199,0.7825,4.9248,5.8247,18.1582,1.7388,0.0565,0.0668,0.2083,0.0199,0.3516,0.1944,0.2299,0.7167,0.0686,1.2095,4.2976,3.275,530.65,404.38
110,9801,281,10284,949,418,26.5,3.04,3.91,1.17,0.14,5.21,2168.2,1.05,1043.2,0.48,16.9,35.1,0.14,0.16,0.35,0.35,0.4,0.22,0.55,23.74,0.565,0.795,2.4812,0.4216,0.0983,0.0867,0.2123,0.0244,0.9384,5.5348,4.8809,11.9574,1.3717,0.0983,0.0867,0.2123,0.0244,0.4216,0.3381,0.2982,0.7304,0.0838,1.4505,4.3881,3.3134,430.09,324.76
111,10725,356,11444,733,408,29.1,3.54,0.09,0.65,0.33,1.06,2094.6,1.07,1166.2,0.56,22.6,40.7,0.15,0.24,0.19,0.39,0.58,0.67,0.33,28.66,0.621,0.842,2.86,0.3688,0.0626,0.075,0.2099,0.0213,0.8208,4.8629,5.8307,16.3087,1.6531,0.0626,0.075,0.2099,0.0213,0.3688,0.2153,0.2582,0.7221,0.0732,1.2688,4.5124,3.3466,483.95,358.93
112,12155,197,12043,757,376,39,3.34,0.4,0.25,0.99,1.64,2002.1,0.99,1053.7,0.53,21.2,40.3,0.23,0.21,0.35,0.36,0.5,0.43,0.5,28.73,0.624,0.834,2.8658,0.366,0.0666,0.0702,0.2077,0.0215,0.8146,5.2254,5.5097,16.3074,1.6905,0.0666,0.0702,0.2077,0.0215,0.366,0.229,0.2414,0.7146,0.0741,1.2591,3.7968,3.4949,461.51,424.81
113,7433,85,7676,760,450,31.6,3.44,0.09,2.09,0.65,2.83,2044.9,1.03,1091.9,0.53,16.7,31.3,0.29,0.18,0.18,0.29,0.67,0.57,0.29,23.9,0.555,0.805,2.4986,0.4223,0.0865,0.0954,0.2124,0.0281,0.9399,4.8937,5.3987,12.0153,1.5877,0.0865,0.0954,0.2124,0.0281,0.4223,0.2975,0.3282,0.7305,0.0965,1.4528,4.1335,3.5031,307.24,260.39
114,8185,248,9329,801,374,26,3.37,1.41,0.19,0.11,1.71,2031.7,1.14,1029.9,0.51,18.1,35.6,0.12,0.19,0.37,0.35,0.2,0.33,0.46,23.58,0.551,0.794,2.4763,0.4274,0.0927,0.0936,0.211,0.03,0.9511,5.1156,5.1666,11.6447,1.6559,0.0927,0.0936,0.211,0.03,0.4274,0.3189,0.3221,0.7259,0.1032,1.4702,5.0889,3.3725,416.54,276.05
115,10141,32,10485,690,374,25.7,3.67,-0.08,0.17,0.06,0.15,2044.1,1.03,1167.7,0.57,20.9,36.5,0.09,0.46,0.18,0,0.5,0.29,#N/A,27.66,0.604,0.838,2.7816,0.3771,0.0643,0.0814,0.2096,0.0217,0.8393,4.7173,5.9725,15.3716,1.5948,0.0643,0.0814,0.2096,0.0217,0.3771,0.2213,0.2802,0.7211,0.0748,1.2974,4.2579,3.3212,431.82,336.82
116,7590,58,7436,860,511,23.9,6.33,0.22,3.34,-0.11,3.46,3290.6,0.98,2046.1,0.62,18.6,30,0,0,0.15,0,0.13,0.25,0.42,26.52,0.594,0.853,2.6948,0.3875,0.0505,0.0934,0.214,0.0296,0.8625,3.4587,6.3916,14.6471,2.025,0.0505,0.0934,0.214,0.0296,0.3875,0.1739,0.3213,0.7362,0.1018,1.3332,3.8897,3.2054,295.22,243.28
117,10466,274,10761,791,383,35.1,3.05,1.48,0.36,0.85,2.69,1939.4,1.03,981.2,0.51,18.3,36.2,0.19,0.25,0.37,0.4,0.49,0.45,0.67,25.5,0.580,0.807,2.6139,0.4018,0.0856,0.0824,0.2104,0.0234,0.8943,5.4354,5.2286,13.356,1.4841,0.0856,0.0824,0.2104,0.0234,0.4018,0.2946,0.2834,0.7239,0.0804,1.3823,4.2253,3.3006,442.21,345.43
118,10881,395,10938,742,364,46.4,2.74,0.47,-0.01,1.79,2.25,1724.8,1.01,832.4,0.48,17,35.1,0.32,0.3,0.36,0.57,0.57,0.4,1,24.63,0.568,0.794,2.5607,0.4153,0.0966,0.0838,0.2101,0.0249,0.9244,5.7265,4.9703,12.4587,1.4766,0.0966,0.0838,0.2101,0.0249,0.4153,0.3322,0.2883,0.7227,0.0857,1.4288,3.9949,3.3677,434.7,366.46
119,9546,222,9897,803,394,32,3.08,1.53,0.75,0.64,2.92,1991.1,1.04,1004.9,0.5,17.3,34.3,0.2,0.26,0.19,0.48,0.57,0.4,0.59,24.44,0.565,0.799,2.5359,0.4158,0.0901,0.0878,0.2114,0.0265,0.9255,5.2948,5.1625,12.4223,1.5598,0.0901,0.0878,0.2114,0.0265,0.4158,0.3099,0.3022,0.7271,0.0913,1.4305,4.2512,3.3696,405.82,321.66
120,7508,57,8040,861,389,13.9,4,0.6,0.46,-1.23,-0.17,2371.3,1.07,1285.3,0.54,16.3,30,0.15,0,0,0,0.67,1,0,23,0.538,0.801,2.4197,0.4355,0.0879,0.1044,0.2133,0.0299,0.9691,4.642,5.5142,11.266,1.5813,0.0879,0.1044,0.2133,0.0299,0.4355,0.3023,0.3591,0.7337,0.103,1.498,4.4267,3.5306,332.35,265.07
121,9985,61,10197,788,431,25,3.6,0.26,0.95,0,1.21,2219.2,1.02,1209.9,0.55,21.2,38.9,0.2,0.16,0.13,0.2,0,0.67,0.4,28.03,0.619,0.839,2.8156,0.3712,0.064,0.0748,0.2092,0.0232,0.826,4.8337,5.6461,15.7988,1.7498,0.064,0.0748,0.2092,0.0232,0.3712,0.2202,0.2572,0.7197,0.0797,1.2768,4.1785,3.2848,417.21,327.98
122,9271,325,9593,782,395,29.8,3.77,1.23,0.82,0.44,2.48,2213.4,1.03,1228.8,0.56,18.8,33.9,0.12,0.29,0.2,0.28,0.41,0.22,0.44,25.74,0.584,0.827,2.6371,0.3963,0.0727,0.0881,0.2113,0.0243,0.8819,4.7193,5.7213,13.7238,1.5767,0.0727,0.0881,0.2113,0.0243,0.3963,0.2499,0.303,0.7268,0.0835,1.3632,4.2469,3.3493,393.73,310.52
123,7474,459,7481,778,440,25.8,3.42,1.83,1.75,0.08,3.66,2056,1,1055.4,0.51,14.1,27.5,0.21,0.21,0.17,0.2,0.21,0.19,0.26,22.07,0.522,0.781,2.3647,0.4595,0.1008,0.1072,0.2146,0.037,1.0226,4.8382,5.1459,10.3047,1.7764,0.1008,0.1072,0.2146,0.037,0.4595,0.3466,0.3686,0.7382,0.1273,1.5807,3.8268,3.5787,286.03,267.48
124,9288,288,9573,801,408,21,4.21,1.13,1.08,-0.37,1.84,2436.8,1.03,1349.7,0.55,19,34.3,0.11,0.02,0.17,0.29,0.37,0.4,0.2,26.06,0.587,0.825,2.6628,0.3949,0.0664,0.0863,0.2115,0.0307,0.8788,4.3825,5.6932,13.9592,2.027,0.0664,0.0863,0.2115,0.0307,0.3949,0.2284,0.2967,0.7276,0.1056,1.3584,4.2916,3.2265,398.61,299.68
125,9768,426,9638,866,419,45,2.41,5.72,1.54,1.7,8.96,1829.7,0.99,815.1,0.45,14.8,33.2,0.27,0.44,0.36,0.52,0.49,0.67,#N/A,22.67,0.550,0.775,2.4137,0.4402,0.1159,0.0866,0.2115,0.0261,0.9796,5.9689,4.4627,10.8937,1.3466,0.1159,0.0866,0.2115,0.0261,0.4402,0.3986,0.2981,0.7276,0.0899,1.5142,3.9138,3.2568,382.31,318.14
126,10397,528,10949,794,388,24.8,4.39,1.89,0.55,-0.02,2.43,2419.8,1.05,1397.8,0.58,21.8,37.7,0.09,0.06,0.2,0.23,0.41,0.39,0.36,28.01,0.613,0.846,2.8038,0.3712,0.0593,0.08,0.2099,0.0221,0.8262,4.4728,6.0342,15.8419,1.664,0.0593,0.08,0.2099,0.0221,0.3712,0.2039,0.2751,0.7222,0.0759,1.2771,4.2441,3.5906,441.26,373.31
127,11244,173,11658,797,389,19.5,4.06,0.63,0.54,-0.42,0.75,2331.3,1.04,1324.3,0.57,22.9,40.3,0.02,0.07,0.19,0.34,0.3,0.4,0.29,29.35,0.629,0.849,2.9006,0.3596,0.0578,0.0733,0.2088,0.0197,0.8004,4.7177,5.9779,17.0428,1.6107,0.0578,0.0733,0.2088,0.0197,0.3596,0.1989,0.252,0.7184,0.0679,1.2372,4.1843,3.4761,470.48,390.86
128,10123,179,10124,777,384,29,3.63,0.7,0.6,0.36,1.66,2172.7,1,1212,0.56,17.9,32,0.24,0.15,0.2,0.35,0.18,0.67,0.8,25.53,0.580,0.827,2.6199,0.4014,0.0751,0.0907,0.2127,0.0229,0.8932,4.7751,5.7709,13.5295,1.4548,0.0751,0.0907,0.2127,0.0229,0.4014,0.2582,0.3121,0.7317,0.0787,1.3807,4.044,3.2243,409.36,326.39
129,8412,88,8542,944,428,23.8,3.33,1.14,1.15,-0.13,2.16,2321.5,1.02,1204.1,0.52,13.8,26.6,0.04,0.2,0.22,0.33,0.22,0.67,#N/A,21.48,0.522,0.792,2.3113,0.4658,0.1084,0.1129,0.218,0.0265,1.0366,4.9977,5.2087,10.0509,1.2229,0.1084,0.1129,0.218,0.0265,0.4658,0.3728,0.3885,0.7498,0.0912,1.6023,4.1749,3.2165,351.18,270.56
130,11147,132,11927,853,400,39.6,2.81,1.62,1.01,1.18,3.81,1928.7,1.07,908.4,0.47,19.3,41,0.18,0.29,0.38,0.73,0.55,0.67,0,25.58,0.593,0.806,2.6327,0.3987,0.0902,0.0753,0.2101,0.0232,0.8874,5.7871,4.8286,13.4725,1.4872,0.0902,0.0753,0.2101,0.0232,0.3987,0.3104,0.259,0.7226,0.0798,1.3717,4.5589,3.3106,508.2,369.05
131,9539,128,9868,949,385,24.9,4.24,1.62,0.51,-0.01,2.13,2556.4,1.03,1378.6,0.54,17.8,33.1,0.1,0.18,0.21,0.24,0.34,0.53,0.29,24.74,0.576,0.821,2.5546,0.4056,0.0779,0.0904,0.2123,0.025,0.9026,4.7507,5.5132,12.9476,1.5257,0.0779,0.0904,0.2123,0.025,0.4056,0.2679,0.3109,0.7302,0.086,1.3951,4.2756,3.3016,407.86,314.95
132,9256,211,9023,879,434,39.2,4.18,2.92,1.41,1.27,5.6,2495.9,0.97,1339.4,0.54,16.9,31.4,0.17,0.21,0.21,0.37,0.64,0.53,0.63,24.97,0.575,0.816,2.5782,0.4075,0.0745,0.0891,0.2129,0.031,0.9069,4.5678,5.4592,13.0453,1.8974,0.0745,0.0891,0.2129,0.031,0.4075,0.2564,0.3065,0.7323,0.1065,1.4018,3.8431,3.2159,355.74,297.68
133,8729,91,9116,1000,430,28,2.78,1.24,1.82,0.3,3.36,2140.2,1.04,946.6,0.44,14.4,32.6,0.32,0.3,0.18,0.15,0.29,0.18,0.4,21.4,0.534,0.768,2.3191,0.4596,0.1213,0.0935,0.2132,0.0316,1.0228,5.6489,4.3537,9.9271,1.4713,0.1213,0.0935,0.2132,0.0316,0.4596,0.4173,0.3216,0.7333,0.1087,1.5809,4.3393,3.327,378.79,290.42
134,11384,138,12160,730,377,39.6,3.79,0.01,0.24,1.16,1.41,2148.2,1.07,1206.7,0.56,23.3,41.5,0.16,0.13,0.19,0.5,0.5,0.4,0.77,29.2,0.626,0.846,2.9015,0.3635,0.0591,0.0735,0.2091,0.0218,0.809,4.7505,5.9075,16.7989,1.748,0.0591,0.0735,0.2091,0.0218,0.3635,0.2034,0.253,0.7193,0.0748,1.2505,4.5328,3.3287,516.03,378.95
135,10500,453,10915,710,388,31.6,2.94,-0.78,0.48,0.55,0.26,1841.5,1.04,948,0.51,19.4,37.7,0.16,0.22,0.32,0.39,0.56,0.86,0.29,26.33,0.590,0.814,2.6905,0.394,0.0788,0.0797,0.2097,0.0258,0.8769,5.2671,5.3237,14.0144,1.7228,0.0788,0.0797,0.2097,0.0258,0.394,0.2712,0.2741,0.7215,0.0887,1.3554,4.251,3.4048,446.37,357.52
136,11443,236,11422,744,378,32.5,3.3,0.27,0.33,0.57,1.18,1985.2,1,1088.9,0.55,20.1,36.6,0.11,0.27,0.35,0.34,0.49,0.4,0.36,27.65,0.608,0.834,2.7762,0.3777,0.0705,0.0785,0.2103,0.0184,0.8405,5.1625,5.7459,15.3913,1.3458,0.0705,0.0785,0.2103,0.0184,0.3777,0.2426,0.27,0.7233,0.0632,1.2992,4.0193,3.239,459.92,370.63
137,8168,161,8618,811,404,23,3.74,0.91,1.05,-0.21,1.75,2292.9,1.06,1244.1,0.54,16.6,30.5,0.13,0.13,0.23,0.24,0.21,0.4,0.32,23.44,0.549,0.808,2.4678,0.4304,0.0838,0.1011,0.2136,0.0319,0.9578,4.5651,5.5052,11.6341,1.7352,0.0838,0.1011,0.2136,0.0319,0.4304,0.2883,0.3477,0.7348,0.1096,1.4805,4.3289,3.4833,353.58,284.52
138,10293,90,10415,782,411,70,2.74,0.43,0.99,3.94,5.36,1822.9,1.01,905,0.5,16.4,33.1,0.71,0.18,0.13,0.46,0.27,0.5,0.44,24.07,0.563,0.799,2.5148,0.4238,0.099,0.0895,0.2132,0.0222,0.9432,5.622,5.0817,12.1101,1.2604,0.099,0.0895,0.2132,0.0222,0.4238,0.3404,0.3077,0.7334,0.0763,1.4579,4.1298,3.2411,425.07,333.6
139,9155,159,9614,778,379,29,3.37,0.52,0.47,0.4,1.4,2027.6,1.05,1050.7,0.52,16.8,32.4,0.24,0.13,0.26,0.2,0.33,0.34,0,23.78,0.552,0.799,2.4913,0.4266,0.0901,0.0951,0.2119,0.0295,0.9494,5.0229,5.3021,11.8153,1.6446,0.0901,0.0951,0.2119,0.0295,0.4266,0.3099,0.3271,0.729,0.1015,1.4675,4.2196,3.5919,386.29,328.83
140,8361,255,9087,816,391,14,2.57,1.72,0.58,-1.12,1.17,1762,1.09,785.9,0.45,15.3,34.2,0.09,0.13,0.17,0.13,0.19,0,#N/A,21.85,0.528,0.761,2.3535,0.4588,0.1225,0.0937,0.2113,0.0312,1.021,5.8369,4.4616,10.0659,1.4864,0.1225,0.0937,0.2113,0.0312,0.4588,0.4216,0.3222,0.727,0.1074,1.5781,4.6747,3.345,390.86,279.68
141,6345,134,6515,844,417,32.7,3.62,1.57,1.61,1.03,4.21,2264.6,1.03,1164,0.51,12.2,23.7,0.17,0.3,0.29,0.33,0.36,0.5,0.29,20.01,0.481,0.765,2.2117,0.5091,0.1158,0.1293,0.2184,0.0457,1.1331,4.5503,5.0821,8.5821,1.7957,0.1158,0.1293,0.2184,0.0457,0.5091,0.3983,0.4448,0.7512,0.1572,1.7514,4.1409,3.4159,262.73,216.73
142,13419,433,13193,761,407,27.7,3.42,0.29,0.58,0.17,1.04,2071.1,0.98,1053.8,0.51,23.9,47.1,0.17,0.2,0.21,0.29,0.29,0.35,0.27,31.53,0.657,0.844,3.0889,0.347,0.0568,0.0589,0.2066,0.0246,0.7723,5.1621,5.3552,18.7712,2.238,0.0568,0.0589,0.2066,0.0246,0.347,0.1955,0.2028,0.7108,0.0847,1.1938,3.7925,3.4043,508.9,456.81
143,6199,163,6585,1052,401,10.4,6.47,5.72,0.96,-2.05,4.63,3364.2,1.06,1981.5,0.59,13.5,23,0,0,0,0,0.15,0.43,0.37,20.68,0.497,0.808,2.2462,0.4828,0.0874,0.138,0.2204,0.037,1.0744,3.7422,5.9124,9.4392,1.5854,0.0874,0.138,0.2204,0.037,0.4828,0.3005,0.4748,0.7581,0.1273,1.6608,4.446,3.3902,275.62,210.16
144,8169,186,8230,871,386,25.5,3.04,2.51,0.48,0.06,3.05,2021.4,1.01,977.3,0.48,13.2,27.2,0.18,0.13,0.28,0.5,0.2,0.67,0,21.09,0.506,0.764,2.2796,0.4776,0.1211,0.11,0.215,0.0315,1.0628,5.35,4.8588,9.4962,1.3897,0.1211,0.11,0.215,0.0315,0.4776,0.4166,0.3784,0.7395,0.1082,1.6428,4.0137,3.3669,327.89,275.05
145,10381,187,10934,833,398,31.3,3.56,0.98,0.75,0.55,2.27,2243.1,1.05,1237.8,0.55,19.6,35.6,0.1,0.21,0.24,0.31,0.5,0.67,0.67,26.12,0.594,0.833,2.6635,0.391,0.0738,0.0855,0.2119,0.0199,0.8702,4.9274,5.7137,14.1553,1.3284,0.0738,0.0855,0.2119,0.0199,0.391,0.2537,0.2942,0.7288,0.0684,1.3451,4.2696,3.5533,443.22,368.86
146,8951,179,9088,792,387,29.5,4.37,0.47,0.38,0.45,1.3,2405.3,1.02,1318.7,0.55,17.3,31.5,0.07,0.1,0.22,0.46,0.38,0.27,0.35,24.75,0.566,0.814,2.565,0.413,0.0724,0.0935,0.2124,0.0347,0.9191,4.3381,5.6015,12.7276,2.0784,0.0724,0.0935,0.2124,0.0347,0.413,0.2491,0.3216,0.7307,0.1193,1.4207,4.2071,3.1636,376.55,283.15
147,9040,225,9746,715,425,19.1,3.4,-0.25,1.07,-0.52,0.31,2037.9,1.08,1175.6,0.58,21,36.5,0.12,0.09,0.14,0.28,0.27,0.4,0.67,27.04,0.598,0.839,2.7294,0.3826,0.0686,0.0852,0.211,0.0179,0.8514,4.8452,6.0192,14.9089,1.2643,0.0686,0.0852,0.211,0.0179,0.3826,0.2359,0.293,0.7257,0.0615,1.3161,4.4717,3.5531,404.24,321.19
148,11231,199,11247,819,398,29,3.75,1.21,0.63,0.31,2.15,2241.3,1,1223.5,0.55,20.2,36.9,0.13,0.22,0.21,0.29,0.32,0.36,0.8,27.55,0.612,0.838,2.7743,0.3769,0.0673,0.0776,0.2106,0.0213,0.8388,4.9228,5.6739,15.3977,1.5569,0.0673,0.0776,0.2106,0.0213,0.3769,0.2317,0.267,0.7246,0.0733,1.2965,4.0295,3.2644,452.57,366.64
149,10577,383,11515,736,381,31.7,3.23,0.17,0.3,0.56,1.03,1949.9,1.09,1037.1,0.53,21.6,40.6,0.19,0.19,0.28,0.3,0.41,0.4,0.36,27.39,0.604,0.826,2.7609,0.3805,0.0721,0.0771,0.2092,0.0221,0.8468,5.1889,5.5513,15.0611,1.5894,0.0721,0.0771,0.2092,0.0221,0.3805,0.248,0.2653,0.7197,0.076,1.3089,4.6137,3.4649,487.99,366.48
